method,seed,K,stage,task,task_idx,bal_acc,acc,jaccard,action_kl,sel_utility,eps_optimal_mass,normalized_regret,random_ref,n_test,wall_s,requested,torch_version,cuda_available,mps_available,mps_fallback,resolved_device,run_tag,dataset,order
ours_uniform,0,1,1,esca,1,0.8661,0.8667,1.0,0.0,-0.2336,0.7559,0.1068,0.8321,15,9.1,mps,2.12.0,False,True,1,mps,util_regen_20260815_mps,can,main
ours_uniform,0,1,2,esca,1,0.9375,0.9333,0.2,0.062,-0.2642,0.7989,0.0959,0.8321,15,99.4,mps,2.12.0,False,True,1,mps,util_regen_20260815_mps,can,main
ours_uniform,0,1,2,lung,2,0.8558,0.8526,1.0,0.0,-0.0571,0.7372,0.1222,0.7707,95,100.0,mps,2.12.0,False,True,1,mps,util_regen_20260815_mps,can,main
ours_uniform,0,1,3,esca,1,0.9375,0.9333,0.1333,0.0741,-0.2643,0.7779,0.1058,0.8321,15,172.4,mps,2.12.0,False,True,1,mps,util_regen_20260815_mps,can,main
ours_uniform,0,1,3,lung,2,0.8354,0.8316,0.3684,0.0384,0.0053,0.7195,0.1275,0.7707,95,173.0,mps,2.12.0,False,True,1,mps,util_regen_20260815_mps,can,main
ours_uniform,0,1,3,rcc,3,0.9694,0.9605,1.0,-0.0,0.8669,0.8212,0.0704,0.8722,76,173.5,mps,2.12.0,False,True,1,mps,util_regen_20260815_mps,can,main
ours_uniform,0,1,4,esca,1,0.875,0.8667,0.0667,0.0771,-0.3578,0.7725,0.1039,0.8321,15,263.1,mps,2.12.0,False,True,1,mps,util_regen_20260815_mps,can,main
ours_uniform,0,1,4,lung,2,0.8265,0.8211,0.3158,0.0651,-0.0017,0.7225,0.1292,0.7707,95,263.7,mps,2.12.0,False,True,1,mps,util_regen_20260815_mps,can,main
ours_uniform,0,1,4,rcc,3,0.949,0.9342,0.3947,0.0294,0.7905,0.8205,0.0721,0.8722,76,264.2,mps,2.12.0,False,True,1,mps,util_regen_20260815_mps,can,main
ours_uniform,0,1,4,brca,4,0.8151,0.8925,1.0,0.0,0.2996,0.732,0.1021,0.6985,93,264.9,mps,2.12.0,False,True,1,mps,util_regen_20260815_mps,can,main
ours_uniform,0,2,1,esca,1,0.9375,0.9333,1.0,0.0,0.0259,0.7337,0.1108,0.8714,15,14.3,mps,2.12.0,False,True,1,mps,util_regen_20260815_mps,can,main
ours_uniform,0,2,2,esca,1,0.9375,0.9333,0.2222,0.0227,-0.0573,0.7396,0.1092,0.8714,15,188.8,mps,2.12.0,False,True,1,mps,util_regen_20260815_mps,can,main
ours_uniform,0,2,2,lung,2,0.8558,0.8526,1.0,-0.0,0.0111,0.6192,0.1416,0.8114,95,190.1,mps,2.12.0,False,True,1,mps,util_regen_20260815_mps,can,main
ours_uniform,0,2,3,esca,1,0.9375,0.9333,0.1111,0.0285,0.1967,0.7356,0.1088,0.8714,15,327.4,mps,2.12.0,False,True,1,mps,util_regen_20260815_mps,can,main
ours_uniform,0,2,3,lung,2,0.866,0.8632,0.193,0.017,0.0893,0.6127,0.1463,0.8114,95,328.5,mps,2.12.0,False,True,1,mps,util_regen_20260815_mps,can,main
ours_uniform,0,2,3,rcc,3,0.9509,0.9474,1.0,-0.0,0.3568,0.8014,0.0777,0.9133,76,329.4,mps,2.12.0,False,True,1,mps,util_regen_20260815_mps,can,main
ours_uniform,0,2,4,esca,1,0.8661,0.8667,0.1111,0.033,0.0197,0.7358,0.1097,0.8714,15,499.0,mps,2.12.0,False,True,1,mps,util_regen_20260815_mps,can,main
ours_uniform,0,2,4,lung,2,0.8143,0.8105,0.1895,0.0303,0.015,0.6178,0.1446,0.8114,95,500.2,mps,2.12.0,False,True,1,mps,util_regen_20260815_mps,can,main
ours_uniform,0,2,4,rcc,3,0.9713,0.9737,0.136,0.0166,0.4453,0.8119,0.0733,0.9133,76,501.1,mps,2.12.0,False,True,1,mps,util_regen_20260815_mps,can,main
ours_uniform,0,2,4,brca,4,0.9271,0.9462,1.0,-0.0,0.1485,0.6623,0.1175,0.7009,93,502.3,mps,2.12.0,False,True,1,mps,util_regen_20260815_mps,can,main
distill,0,1,1,esca,1,0.8661,0.8667,1.0,0.0,-0.2336,0.7559,0.1068,0.8321,15,8.0,mps,2.12.0,False,True,1,mps,util_regen_20260815_mps,can,main
distill,0,1,2,esca,1,0.875,0.8667,0.3333,0.0449,-0.3544,0.7672,0.1051,0.8321,15,88.8,mps,2.12.0,False,True,1,mps,util_regen_20260815_mps,can,main
distill,0,1,2,lung,2,0.8463,0.8421,1.0,0.0,-0.0729,0.7328,0.1223,0.7707,95,89.4,mps,2.12.0,False,True,1,mps,util_regen_20260815_mps,can,main
distill,0,1,3,esca,1,0.9375,0.9333,0.2667,0.0581,-0.2649,0.7508,0.1107,0.8321,15,155.0,mps,2.12.0,False,True,1,mps,util_regen_20260815_mps,can,main
distill,0,1,3,lung,2,0.8673,0.8632,0.6,0.0329,0.0641,0.7145,0.1278,0.7707,95,155.7,mps,2.12.0,False,True,1,mps,util_regen_20260815_mps,can,main
distill,0,1,3,rcc,3,0.9592,0.9474,1.0,-0.0,0.8465,0.8195,0.074,0.8722,76,156.2,mps,2.12.0,False,True,1,mps,util_regen_20260815_mps,can,main
distill,0,1,4,esca,1,0.8661,0.8667,0.2,0.0592,-0.5039,0.7412,0.1079,0.8321,15,236.5,mps,2.12.0,False,True,1,mps,util_regen_20260815_mps,can,main
distill,0,1,4,lung,2,0.8673,0.8632,0.4,0.0516,0.0578,0.7117,0.1282,0.7707,95,237.1,mps,2.12.0,False,True,1,mps,util_regen_20260815_mps,can,main
distill,0,1,4,rcc,3,0.9407,0.9342,0.3421,0.0362,0.7993,0.8157,0.0735,0.8722,76,237.8,mps,2.12.0,False,True,1,mps,util_regen_20260815_mps,can,main
distill,0,1,4,brca,4,0.7955,0.8925,1.0,-0.0,0.1657,0.7393,0.1039,0.6985,93,238.4,mps,2.12.0,False,True,1,mps,util_regen_20260815_mps,can,main
distill,0,2,1,esca,1,0.9375,0.9333,1.0,0.0,0.0259,0.7337,0.1108,0.8714,15,14.5,mps,2.12.0,False,True,1,mps,util_regen_20260815_mps,can,main
distill,0,2,2,esca,1,0.9375,0.9333,0.1778,0.015,0.0077,0.7375,0.1089,0.8714,15,171.8,mps,2.12.0,False,True,1,mps,util_regen_20260815_mps,can,main
distill,0,2,2,lung,2,0.8361,0.8316,1.0,-0.0,-0.0333,0.6178,0.1415,0.8114,95,172.9,mps,2.12.0,False,True,1,mps,util_regen_20260815_mps,can,main
distill,0,2,3,esca,1,0.9375,0.9333,0.2222,0.017,0.062,0.7349,0.1097,0.8714,15,298.0,mps,2.12.0,False,True,1,mps,util_regen_20260815_mps,can,main
distill,0,2,3,lung,2,0.8463,0.8421,0.2632,0.0116,0.0259,0.6091,0.1452,0.8114,95,299.3,mps,2.12.0,False,True,1,mps,util_regen_20260815_mps,can,main
distill,0,2,3,rcc,3,0.9407,0.9342,1.0,-0.0,0.3658,0.8034,0.0766,0.9133,76,300.2,mps,2.12.0,False,True,1,mps,util_regen_20260815_mps,can,main
distill,0,2,4,esca,1,0.9375,0.9333,0.1333,0.0214,0.1809,0.7281,0.1104,0.8714,15,452.8,mps,2.12.0,False,True,1,mps,util_regen_20260815_mps,can,main
distill,0,2,4,lung,2,0.8776,0.8737,0.193,0.0172,0.0096,0.6103,0.1441,0.8114,95,454.0,mps,2.12.0,False,True,1,mps,util_regen_20260815_mps,can,main
distill,0,2,4,rcc,3,0.9407,0.9342,0.2061,0.0128,0.3712,0.8139,0.0719,0.9133,76,455.0,mps,2.12.0,False,True,1,mps,util_regen_20260815_mps,can,main
distill,0,2,4,brca,4,0.9008,0.9355,1.0,-0.0,0.1512,0.6602,0.1178,0.7009,93,456.2,mps,2.12.0,False,True,1,mps,util_regen_20260815_mps,can,main
ours_uniform,1,1,1,esca,1,0.875,0.8667,1.0,-0.0,-0.3416,0.7714,0.105,0.8018,15,7.7,mps,2.12.0,False,True,1,mps,util_regen_20260815_mps,can,main
ours_uniform,1,1,2,esca,1,0.9375,0.9333,0.0667,0.0558,-0.2704,0.7859,0.0986,0.8018,15,97.7,mps,2.12.0,False,True,1,mps,util_regen_20260815_mps,can,main
ours_uniform,1,1,2,lung,2,0.8864,0.8842,1.0,-0.0,0.1907,0.6933,0.1274,0.771,95,98.3,mps,2.12.0,False,True,1,mps,util_regen_20260815_mps,can,main
ours_uniform,1,1,3,esca,1,0.875,0.8667,0.0667,0.0565,-0.3849,0.7882,0.0992,0.8018,15,169.9,mps,2.12.0,False,True,1,mps,util_regen_20260815_mps,can,main
ours_uniform,1,1,3,lung,2,0.8551,0.8526,0.3895,0.0504,0.0573,0.6788,0.1331,0.771,95,170.6,mps,2.12.0,False,True,1,mps,util_regen_20260815_mps,can,main
ours_uniform,1,1,3,rcc,3,0.9713,0.9737,1.0,-0.0,0.87,0.824,0.0683,0.9035,76,171.1,mps,2.12.0,False,True,1,mps,util_regen_20260815_mps,can,main
ours_uniform,1,1,4,esca,1,0.9375,0.9333,0.2,0.1034,-0.2161,0.7607,0.1059,0.8018,15,259.7,mps,2.12.0,False,True,1,mps,util_regen_20260815_mps,can,main
ours_uniform,1,1,4,lung,2,0.898,0.8947,0.2211,0.0761,0.2112,0.6804,0.1341,0.771,95,260.3,mps,2.12.0,False,True,1,mps,util_regen_20260815_mps,can,main
ours_uniform,1,1,4,rcc,3,0.9407,0.9342,0.4342,0.0391,0.817,0.8128,0.0724,0.9035,76,260.8,mps,2.12.0,False,True,1,mps,util_regen_20260815_mps,can,main
ours_uniform,1,1,4,brca,4,0.8023,0.9032,1.0,-0.0,0.1876,0.6426,0.1396,0.68,93,261.4,mps,2.12.0,False,True,1,mps,util_regen_20260815_mps,can,main
ours_uniform,1,2,1,esca,1,1.0,1.0,1.0,0.0,0.3363,0.7242,0.1154,0.8464,15,8.9,mps,2.12.0,False,True,1,mps,util_regen_20260815_mps,can,main
ours_uniform,1,2,2,esca,1,0.8661,0.8667,0.1111,0.0271,-0.2063,0.7411,0.1093,0.8464,15,116.8,mps,2.12.0,False,True,1,mps,util_regen_20260815_mps,can,main
ours_uniform,1,2,2,lung,2,0.8538,0.8526,1.0,-0.0,0.0714,0.5791,0.1477,0.7828,95,118.1,mps,2.12.0,False,True,1,mps,util_regen_20260815_mps,can,main
ours_uniform,1,2,3,esca,1,0.9375,0.9333,0.1556,0.035,-0.0164,0.7471,0.1089,0.8464,15,204.5,mps,2.12.0,False,True,1,mps,util_regen_20260815_mps,can,main
ours_uniform,1,2,3,lung,2,0.8456,0.8421,0.214,0.028,0.011,0.5668,0.1543,0.7828,95,205.5,mps,2.12.0,False,True,1,mps,util_regen_20260815_mps,can,main
ours_uniform,1,2,3,rcc,3,0.9713,0.9737,1.0,-0.0,0.4186,0.758,0.0878,0.8859,76,206.3,mps,2.12.0,False,True,1,mps,util_regen_20260815_mps,can,main
ours_uniform,1,2,4,esca,1,0.9375,0.9333,0.0889,0.0583,-0.0315,0.7455,0.1086,0.8464,15,310.9,mps,2.12.0,False,True,1,mps,util_regen_20260815_mps,can,main
ours_uniform,1,2,4,lung,2,0.7933,0.7895,0.1895,0.0393,-0.0179,0.5667,0.1553,0.7828,95,311.9,mps,2.12.0,False,True,1,mps,util_regen_20260815_mps,can,main
ours_uniform,1,2,4,rcc,3,0.9324,0.9342,0.2412,0.0189,0.4104,0.7755,0.0809,0.8859,76,312.7,mps,2.12.0,False,True,1,mps,util_regen_20260815_mps,can,main
ours_uniform,1,2,4,brca,4,0.894,0.9247,1.0,-0.0,0.1307,0.629,0.1278,0.7008,93,313.7,mps,2.12.0,False,True,1,mps,util_regen_20260815_mps,can,main
distill,1,1,1,esca,1,0.875,0.8667,1.0,-0.0,-0.3416,0.7714,0.105,0.8018,15,5.3,mps,2.12.0,False,True,1,mps,util_regen_20260815_mps,can,main
distill,1,1,2,esca,1,0.9375,0.9333,0.1333,0.063,-0.2699,0.7693,0.1086,0.8018,15,59.8,mps,2.12.0,False,True,1,mps,util_regen_20260815_mps,can,main
distill,1,1,2,lung,2,0.8858,0.8842,1.0,-0.0,0.1663,0.6897,0.1284,0.771,95,60.3,mps,2.12.0,False,True,1,mps,util_regen_20260815_mps,can,main
distill,1,1,3,esca,1,0.9375,0.9333,0.4667,0.0653,-0.17,0.7674,0.1053,0.8018,15,101.8,mps,2.12.0,False,True,1,mps,util_regen_20260815_mps,can,main
distill,1,1,3,lung,2,0.8647,0.8632,0.5684,0.0412,0.1327,0.6821,0.1271,0.771,95,102.3,mps,2.12.0,False,True,1,mps,util_regen_20260815_mps,can,main
distill,1,1,3,rcc,3,0.9509,0.9474,1.0,-0.0,0.8456,0.8306,0.0675,0.9035,76,102.7,mps,2.12.0,False,True,1,mps,util_regen_20260815_mps,can,main
distill,1,1,4,esca,1,0.8661,0.8667,0.1333,0.1193,-0.0284,0.7405,0.1131,0.8018,15,154.2,mps,2.12.0,False,True,1,mps,util_regen_20260815_mps,can,main
distill,1,1,4,lung,2,0.8762,0.8737,0.5368,0.0603,0.1548,0.669,0.1314,0.771,95,154.8,mps,2.12.0,False,True,1,mps,util_regen_20260815_mps,can,main
distill,1,1,4,rcc,3,0.9611,0.9605,0.3947,0.0357,0.8618,0.8167,0.0717,0.9035,76,155.2,mps,2.12.0,False,True,1,mps,util_regen_20260815_mps,can,main
distill,1,1,4,brca,4,0.776,0.8925,1.0,-0.0,0.1953,0.665,0.1328,0.68,93,155.7,mps,2.12.0,False,True,1,mps,util_regen_20260815_mps,can,main
distill,1,2,1,esca,1,1.0,1.0,1.0,0.0,0.3363,0.7242,0.1154,0.8464,15,9.2,mps,2.12.0,False,True,1,mps,util_regen_20260815_mps,can,main
distill,1,2,2,esca,1,0.8661,0.8667,0.2889,0.0156,-0.3314,0.7262,0.1148,0.8464,15,108.3,mps,2.12.0,False,True,1,mps,util_regen_20260815_mps,can,main
distill,1,2,2,lung,2,0.8762,0.8737,1.0,-0.0,0.105,0.5794,0.148,0.7828,95,109.4,mps,2.12.0,False,True,1,mps,util_regen_20260815_mps,can,main
distill,1,2,3,esca,1,0.8661,0.8667,0.1111,0.0135,0.0177,0.7227,0.1158,0.8464,15,190.6,mps,2.12.0,False,True,1,mps,util_regen_20260815_mps,can,main
distill,1,2,3,lung,2,0.8749,0.8737,0.3193,0.016,0.0862,0.5713,0.1521,0.7828,95,191.7,mps,2.12.0,False,True,1,mps,util_regen_20260815_mps,can,main
distill,1,2,3,rcc,3,0.9694,0.9605,1.0,-0.0,0.3802,0.7651,0.0852,0.8859,76,192.5,mps,2.12.0,False,True,1,mps,util_regen_20260815_mps,can,main
distill,1,2,4,esca,1,0.9375,0.9333,0.1333,0.0307,0.2426,0.719,0.1176,0.8464,15,288.8,mps,2.12.0,False,True,1,mps,util_regen_20260815_mps,can,main
distill,1,2,4,lung,2,0.8334,0.8316,0.186,0.0219,0.0454,0.5653,0.1543,0.7828,95,289.8,mps,2.12.0,False,True,1,mps,util_regen_20260815_mps,can,main
distill,1,2,4,rcc,3,0.9713,0.9737,0.1842,0.0157,0.4043,0.7694,0.0835,0.8859,76,290.6,mps,2.12.0,False,True,1,mps,util_regen_20260815_mps,can,main
distill,1,2,4,brca,4,0.9271,0.9462,1.0,-0.0,0.1783,0.6267,0.129,0.7008,93,291.5,mps,2.12.0,False,True,1,mps,util_regen_20260815_mps,can,main
ours_uniform,2,1,1,esca,1,0.875,0.8667,1.0,0.0,-0.2449,0.7798,0.0954,0.8679,15,5.7,mps,2.12.0,False,True,1,mps,util_regen_20260815_mps,can,main
ours_uniform,2,1,2,esca,1,0.9375,0.9333,0.4667,0.046,0.6125,0.8152,0.0824,0.8679,15,65.2,mps,2.12.0,False,True,1,mps,util_regen_20260815_mps,can,main
ours_uniform,2,1,2,lung,2,0.8545,0.8526,1.0,0.0,-0.0039,0.6858,0.1328,0.7639,95,65.7,mps,2.12.0,False,True,1,mps,util_regen_20260815_mps,can,main
ours_uniform,2,1,3,esca,1,0.875,0.8667,0.4,0.0582,0.0731,0.8021,0.0894,0.8679,15,112.5,mps,2.12.0,False,True,1,mps,util_regen_20260815_mps,can,main
ours_uniform,2,1,3,lung,2,0.866,0.8632,0.4105,0.0458,0.041,0.6792,0.1395,0.7639,95,113.0,mps,2.12.0,False,True,1,mps,util_regen_20260815_mps,can,main
ours_uniform,2,1,3,rcc,3,0.949,0.9342,1.0,-0.0,0.8151,0.8176,0.072,0.8511,76,113.4,mps,2.12.0,False,True,1,mps,util_regen_20260815_mps,can,main
ours_uniform,2,1,4,esca,1,0.9375,0.9333,0.1333,0.1063,0.6093,0.7786,0.094,0.8679,15,168.8,mps,2.12.0,False,True,1,mps,util_regen_20260815_mps,can,main
ours_uniform,2,1,4,lung,2,0.8667,0.8632,0.3053,0.0975,0.1112,0.6619,0.1445,0.7639,95,169.4,mps,2.12.0,False,True,1,mps,util_regen_20260815_mps,can,main
ours_uniform,2,1,4,rcc,3,0.9796,0.9737,0.2763,0.0296,0.8708,0.8054,0.0751,0.8511,76,169.8,mps,2.12.0,False,True,1,mps,util_regen_20260815_mps,can,main
ours_uniform,2,1,4,brca,4,0.776,0.8925,1.0,-0.0,0.2418,0.6645,0.1276,0.6575,93,170.4,mps,2.12.0,False,True,1,mps,util_regen_20260815_mps,can,main
ours_uniform,2,2,1,esca,1,0.9375,0.9333,1.0,0.0,0.0808,0.7498,0.1058,0.8393,15,9.3,mps,2.12.0,False,True,1,mps,util_regen_20260815_mps,can,main
ours_uniform,2,2,2,esca,1,0.9375,0.9333,0.2,0.0254,-0.0342,0.7534,0.1066,0.8393,15,114.8,mps,2.12.0,False,True,1,mps,util_regen_20260815_mps,can,main
ours_uniform,2,2,2,lung,2,0.8469,0.8421,1.0,0.0,-0.0598,0.6416,0.1344,0.7886,95,115.8,mps,2.12.0,False,True,1,mps,util_regen_20260815_mps,can,main
ours_uniform,2,2,3,esca,1,0.9375,0.9333,0.1556,0.0321,-0.14,0.7532,0.1079,0.8393,15,201.7,mps,2.12.0,False,True,1,mps,util_regen_20260815_mps,can,main
ours_uniform,2,2,3,lung,2,0.8456,0.8421,0.1754,0.0177,-0.0458,0.6393,0.1374,0.7886,95,202.8,mps,2.12.0,False,True,1,mps,util_regen_20260815_mps,can,main
ours_uniform,2,2,3,rcc,3,0.9407,0.9342,1.0,-0.0,0.3766,0.7903,0.0815,0.9083,76,203.6,mps,2.12.0,False,True,1,mps,util_regen_20260815_mps,can,main
ours_uniform,2,2,4,esca,1,0.8661,0.8667,0.1111,0.0314,-0.4955,0.7475,0.1074,0.8393,15,310.2,mps,2.12.0,False,True,1,mps,util_regen_20260815_mps,can,main
ours_uniform,2,2,4,lung,2,0.8137,0.8105,0.186,0.034,0.034,0.637,0.1396,0.7886,95,311.2,mps,2.12.0,False,True,1,mps,util_regen_20260815_mps,can,main
ours_uniform,2,2,4,rcc,3,0.9426,0.9474,0.1754,0.0135,0.4367,0.7983,0.0784,0.9083,76,312.0,mps,2.12.0,False,True,1,mps,util_regen_20260815_mps,can,main
ours_uniform,2,2,4,brca,4,0.8873,0.914,1.0,-0.0,0.1716,0.6354,0.1223,0.7351,93,313.0,mps,2.12.0,False,True,1,mps,util_regen_20260815_mps,can,main
distill,2,1,1,esca,1,0.875,0.8667,1.0,0.0,-0.2449,0.7798,0.0954,0.8679,15,5.3,mps,2.12.0,False,True,1,mps,util_regen_20260815_mps,can,main
distill,2,1,2,esca,1,0.9375,0.9333,0.5333,0.0517,0.5958,0.8175,0.0742,0.8679,15,59.2,mps,2.12.0,False,True,1,mps,util_regen_20260815_mps,can,main
distill,2,1,2,lung,2,0.8551,0.8526,1.0,-0.0,-0.0147,0.6971,0.1302,0.7639,95,59.7,mps,2.12.0,False,True,1,mps,util_regen_20260815_mps,can,main
distill,2,1,3,esca,1,0.9375,0.9333,0.4667,0.0495,0.4801,0.8069,0.0829,0.8679,15,102.1,mps,2.12.0,False,True,1,mps,util_regen_20260815_mps,can,main
distill,2,1,3,lung,2,0.8864,0.8842,0.5579,0.029,0.0483,0.685,0.134,0.7639,95,102.7,mps,2.12.0,False,True,1,mps,util_regen_20260815_mps,can,main
distill,2,1,3,rcc,3,0.9694,0.9605,1.0,0.0,0.8228,0.8132,0.073,0.8511,76,103.1,mps,2.12.0,False,True,1,mps,util_regen_20260815_mps,can,main
distill,2,1,4,esca,1,0.9375,0.9333,0.1333,0.096,0.5889,0.7744,0.0868,0.8679,15,157.2,mps,2.12.0,False,True,1,mps,util_regen_20260815_mps,can,main
distill,2,1,4,lung,2,0.8762,0.8737,0.4316,0.0626,0.0711,0.6639,0.1388,0.7639,95,157.7,mps,2.12.0,False,True,1,mps,util_regen_20260815_mps,can,main
distill,2,1,4,rcc,3,0.9592,0.9474,0.3553,0.0322,0.8062,0.7944,0.0786,0.8511,76,158.1,mps,2.12.0,False,True,1,mps,util_regen_20260815_mps,can,main
distill,2,1,4,brca,4,0.7955,0.8925,1.0,-0.0,0.2731,0.6679,0.1258,0.6575,93,158.6,mps,2.12.0,False,True,1,mps,util_regen_20260815_mps,can,main
distill,2,2,1,esca,1,0.9375,0.9333,1.0,0.0,0.0808,0.7498,0.1058,0.8393,15,9.4,mps,2.12.0,False,True,1,mps,util_regen_20260815_mps,can,main
distill,2,2,2,esca,1,0.9375,0.9333,0.3111,0.0111,-0.0423,0.7454,0.1077,0.8393,15,112.3,mps,2.12.0,False,True,1,mps,util_regen_20260815_mps,can,main
distill,2,2,2,lung,2,0.8762,0.8737,1.0,-0.0,-0.0662,0.6409,0.136,0.7886,95,113.5,mps,2.12.0,False,True,1,mps,util_regen_20260815_mps,can,main
distill,2,2,3,esca,1,0.9375,0.9333,0.1778,0.0142,-0.2098,0.7494,0.1064,0.8393,15,195.9,mps,2.12.0,False,True,1,mps,util_regen_20260815_mps,can,main
distill,2,2,3,lung,2,0.8878,0.8842,0.3263,0.0095,-0.025,0.6391,0.1374,0.7886,95,197.0,mps,2.12.0,False,True,1,mps,util_regen_20260815_mps,can,main
distill,2,2,3,rcc,3,0.9407,0.9342,1.0,-0.0,0.4163,0.7929,0.081,0.9083,76,197.9,mps,2.12.0,False,True,1,mps,util_regen_20260815_mps,can,main
distill,2,2,4,esca,1,0.9375,0.9333,0.2222,0.0198,-0.1616,0.7484,0.1074,0.8393,15,300.0,mps,2.12.0,False,True,1,mps,util_regen_20260815_mps,can,main
distill,2,2,4,lung,2,0.8469,0.8421,0.2,0.0178,-0.0227,0.6365,0.1391,0.7886,95,301.1,mps,2.12.0,False,True,1,mps,util_regen_20260815_mps,can,main
distill,2,2,4,rcc,3,0.9713,0.9737,0.2325,0.0229,0.4187,0.8066,0.0757,0.9083,76,301.9,mps,2.12.0,False,True,1,mps,util_regen_20260815_mps,can,main
distill,2,2,4,brca,4,0.894,0.9247,1.0,-0.0,0.1743,0.6406,0.121,0.7351,93,303.0,mps,2.12.0,False,True,1,mps,util_regen_20260815_mps,can,main
