method,seed,K,stage,task,task_idx,bal_acc,acc,jaccard,action_kl,sel_utility,eps_optimal_mass,normalized_regret,random_ref,n_test,wall_s,requested,torch_version,cuda_available,mps_available,mps_fallback,resolved_device,run_tag,git_commit,hostname,command,c0_parameter_budget,dataset,order,c0_role
sp_nav,0,1,1,esca,1,0.8661,0.8667,1.0,0.0,-0.5533,0.7437,0.1096,0.8321,15,7.9,mps,2.12.0,False,True,1,mps,track_c0_20260817T014543Z,4e1680d0e63b6c10eb7ef77a367753ed7cb36131,aaron-mac.local,scripts/run_track_c0.py --device mps --tag track_c0_20260817T014543Z --resume,"{'shared_core_params': 164481, 'adapter_params_per_task': 640, 'adapter_params_all_tasks': 2560, 'n_tasks': 4, 'adapter_pct_of_core_per_task': 0.3891, 'adapter_pct_of_core_all_tasks': 1.5564}",can,main,c0_screening
sp_nav,0,1,2,esca,1,0.9375,0.9333,0.0667,0.1594,0.6156,0.7561,0.1031,0.8321,15,45.8,mps,2.12.0,False,True,1,mps,track_c0_20260817T014543Z,4e1680d0e63b6c10eb7ef77a367753ed7cb36131,aaron-mac.local,scripts/run_track_c0.py --device mps --tag track_c0_20260817T014543Z --resume,"{'shared_core_params': 164481, 'adapter_params_per_task': 640, 'adapter_params_all_tasks': 2560, 'n_tasks': 4, 'adapter_pct_of_core_per_task': 0.3891, 'adapter_pct_of_core_all_tasks': 1.5564}",can,main,c0_screening
sp_nav,0,1,2,lung,2,0.8558,0.8526,1.0,0.0,0.0449,0.7234,0.1227,0.7707,95,46.4,mps,2.12.0,False,True,1,mps,track_c0_20260817T014543Z,4e1680d0e63b6c10eb7ef77a367753ed7cb36131,aaron-mac.local,scripts/run_track_c0.py --device mps --tag track_c0_20260817T014543Z --resume,"{'shared_core_params': 164481, 'adapter_params_per_task': 640, 'adapter_params_all_tasks': 2560, 'n_tasks': 4, 'adapter_pct_of_core_per_task': 0.3891, 'adapter_pct_of_core_all_tasks': 1.5564}",can,main,c0_screening
sp_nav,0,1,3,esca,1,0.8661,0.8667,0.0,0.1427,0.043,0.7541,0.1036,0.8321,15,77.4,mps,2.12.0,False,True,1,mps,track_c0_20260817T014543Z,4e1680d0e63b6c10eb7ef77a367753ed7cb36131,aaron-mac.local,scripts/run_track_c0.py --device mps --tag track_c0_20260817T014543Z --resume,"{'shared_core_params': 164481, 'adapter_params_per_task': 640, 'adapter_params_all_tasks': 2560, 'n_tasks': 4, 'adapter_pct_of_core_per_task': 0.3891, 'adapter_pct_of_core_all_tasks': 1.5564}",can,main,c0_screening
sp_nav,0,1,3,lung,2,0.8137,0.8105,0.2526,0.1178,0.1218,0.6637,0.1394,0.7707,95,77.9,mps,2.12.0,False,True,1,mps,track_c0_20260817T014543Z,4e1680d0e63b6c10eb7ef77a367753ed7cb36131,aaron-mac.local,scripts/run_track_c0.py --device mps --tag track_c0_20260817T014543Z --resume,"{'shared_core_params': 164481, 'adapter_params_per_task': 640, 'adapter_params_all_tasks': 2560, 'n_tasks': 4, 'adapter_pct_of_core_per_task': 0.3891, 'adapter_pct_of_core_all_tasks': 1.5564}",can,main,c0_screening
sp_nav,0,1,3,rcc,3,0.9305,0.9211,1.0,-0.0,0.8011,0.8155,0.0735,0.8722,76,78.3,mps,2.12.0,False,True,1,mps,track_c0_20260817T014543Z,4e1680d0e63b6c10eb7ef77a367753ed7cb36131,aaron-mac.local,scripts/run_track_c0.py --device mps --tag track_c0_20260817T014543Z --resume,"{'shared_core_params': 164481, 'adapter_params_per_task': 640, 'adapter_params_all_tasks': 2560, 'n_tasks': 4, 'adapter_pct_of_core_per_task': 0.3891, 'adapter_pct_of_core_all_tasks': 1.5564}",can,main,c0_screening
sp_nav,0,1,4,esca,1,0.7321,0.7333,0.0,0.125,-0.3125,0.6325,0.1487,0.8321,15,115.8,mps,2.12.0,False,True,1,mps,track_c0_20260817T014543Z,4e1680d0e63b6c10eb7ef77a367753ed7cb36131,aaron-mac.local,scripts/run_track_c0.py --device mps --tag track_c0_20260817T014543Z --resume,"{'shared_core_params': 164481, 'adapter_params_per_task': 640, 'adapter_params_all_tasks': 2560, 'n_tasks': 4, 'adapter_pct_of_core_per_task': 0.3891, 'adapter_pct_of_core_all_tasks': 1.5564}",can,main,c0_screening
sp_nav,0,1,4,lung,2,0.8015,0.8,0.1158,0.3608,-0.005,0.5192,0.1799,0.7707,95,116.4,mps,2.12.0,False,True,1,mps,track_c0_20260817T014543Z,4e1680d0e63b6c10eb7ef77a367753ed7cb36131,aaron-mac.local,scripts/run_track_c0.py --device mps --tag track_c0_20260817T014543Z --resume,"{'shared_core_params': 164481, 'adapter_params_per_task': 640, 'adapter_params_all_tasks': 2560, 'n_tasks': 4, 'adapter_pct_of_core_per_task': 0.3891, 'adapter_pct_of_core_all_tasks': 1.5564}",can,main,c0_screening
sp_nav,0,1,4,rcc,3,0.9305,0.9211,0.2105,0.0924,0.8042,0.7699,0.092,0.8722,76,116.8,mps,2.12.0,False,True,1,mps,track_c0_20260817T014543Z,4e1680d0e63b6c10eb7ef77a367753ed7cb36131,aaron-mac.local,scripts/run_track_c0.py --device mps --tag track_c0_20260817T014543Z --resume,"{'shared_core_params': 164481, 'adapter_params_per_task': 640, 'adapter_params_all_tasks': 2560, 'n_tasks': 4, 'adapter_pct_of_core_per_task': 0.3891, 'adapter_pct_of_core_all_tasks': 1.5564}",can,main,c0_screening
sp_nav,0,1,4,brca,4,0.861,0.9032,1.0,-0.0,0.2823,0.7313,0.1032,0.6985,93,117.3,mps,2.12.0,False,True,1,mps,track_c0_20260817T014543Z,4e1680d0e63b6c10eb7ef77a367753ed7cb36131,aaron-mac.local,scripts/run_track_c0.py --device mps --tag track_c0_20260817T014543Z --resume,"{'shared_core_params': 164481, 'adapter_params_per_task': 640, 'adapter_params_all_tasks': 2560, 'n_tasks': 4, 'adapter_pct_of_core_per_task': 0.3891, 'adapter_pct_of_core_all_tasks': 1.5564}",can,main,c0_screening
sp_nav,0,2,1,esca,1,0.8661,0.8667,1.0,0.0,-0.0611,0.7282,0.1122,0.8714,15,11.3,mps,2.12.0,False,True,1,mps,track_c0_20260817T014543Z,4e1680d0e63b6c10eb7ef77a367753ed7cb36131,aaron-mac.local,scripts/run_track_c0.py --device mps --tag track_c0_20260817T014543Z --resume,"{'shared_core_params': 164481, 'adapter_params_per_task': 640, 'adapter_params_all_tasks': 2560, 'n_tasks': 4, 'adapter_pct_of_core_per_task': 0.3891, 'adapter_pct_of_core_all_tasks': 1.5564}",can,main,c0_screening
sp_nav,0,2,2,esca,1,0.9375,0.9333,0.1778,0.0651,0.2086,0.7269,0.1113,0.8714,15,84.5,mps,2.12.0,False,True,1,mps,track_c0_20260817T014543Z,4e1680d0e63b6c10eb7ef77a367753ed7cb36131,aaron-mac.local,scripts/run_track_c0.py --device mps --tag track_c0_20260817T014543Z --resume,"{'shared_core_params': 164481, 'adapter_params_per_task': 640, 'adapter_params_all_tasks': 2560, 'n_tasks': 4, 'adapter_pct_of_core_per_task': 0.3891, 'adapter_pct_of_core_all_tasks': 1.5564}",can,main,c0_screening
sp_nav,0,2,2,lung,2,0.8769,0.8737,1.0,-0.0,-0.0616,0.6245,0.1417,0.8114,95,85.8,mps,2.12.0,False,True,1,mps,track_c0_20260817T014543Z,4e1680d0e63b6c10eb7ef77a367753ed7cb36131,aaron-mac.local,scripts/run_track_c0.py --device mps --tag track_c0_20260817T014543Z --resume,"{'shared_core_params': 164481, 'adapter_params_per_task': 640, 'adapter_params_all_tasks': 2560, 'n_tasks': 4, 'adapter_pct_of_core_per_task': 0.3891, 'adapter_pct_of_core_all_tasks': 1.5564}",can,main,c0_screening
sp_nav,0,2,3,esca,1,0.9375,0.9333,0.1778,0.049,0.2572,0.7259,0.1101,0.8714,15,142.4,mps,2.12.0,False,True,1,mps,track_c0_20260817T014543Z,4e1680d0e63b6c10eb7ef77a367753ed7cb36131,aaron-mac.local,scripts/run_track_c0.py --device mps --tag track_c0_20260817T014543Z --resume,"{'shared_core_params': 164481, 'adapter_params_per_task': 640, 'adapter_params_all_tasks': 2560, 'n_tasks': 4, 'adapter_pct_of_core_per_task': 0.3891, 'adapter_pct_of_core_all_tasks': 1.5564}",can,main,c0_screening
sp_nav,0,2,3,lung,2,0.8341,0.8316,0.0947,0.1099,-0.0071,0.5782,0.1504,0.8114,95,143.4,mps,2.12.0,False,True,1,mps,track_c0_20260817T014543Z,4e1680d0e63b6c10eb7ef77a367753ed7cb36131,aaron-mac.local,scripts/run_track_c0.py --device mps --tag track_c0_20260817T014543Z --resume,"{'shared_core_params': 164481, 'adapter_params_per_task': 640, 'adapter_params_all_tasks': 2560, 'n_tasks': 4, 'adapter_pct_of_core_per_task': 0.3891, 'adapter_pct_of_core_all_tasks': 1.5564}",can,main,c0_screening
sp_nav,0,2,3,rcc,3,0.9305,0.9211,1.0,-0.0,0.3474,0.8021,0.0771,0.9133,76,144.2,mps,2.12.0,False,True,1,mps,track_c0_20260817T014543Z,4e1680d0e63b6c10eb7ef77a367753ed7cb36131,aaron-mac.local,scripts/run_track_c0.py --device mps --tag track_c0_20260817T014543Z --resume,"{'shared_core_params': 164481, 'adapter_params_per_task': 640, 'adapter_params_all_tasks': 2560, 'n_tasks': 4, 'adapter_pct_of_core_per_task': 0.3891, 'adapter_pct_of_core_all_tasks': 1.5564}",can,main,c0_screening
sp_nav,0,2,4,esca,1,0.9375,0.9333,0.0222,0.0681,-0.0481,0.6795,0.1297,0.8714,15,216.2,mps,2.12.0,False,True,1,mps,track_c0_20260817T014543Z,4e1680d0e63b6c10eb7ef77a367753ed7cb36131,aaron-mac.local,scripts/run_track_c0.py --device mps --tag track_c0_20260817T014543Z --resume,"{'shared_core_params': 164481, 'adapter_params_per_task': 640, 'adapter_params_all_tasks': 2560, 'n_tasks': 4, 'adapter_pct_of_core_per_task': 0.3891, 'adapter_pct_of_core_all_tasks': 1.5564}",can,main,c0_screening
sp_nav,0,2,4,lung,2,0.8008,0.8,0.0807,0.1953,0.0675,0.5307,0.1626,0.8114,95,217.2,mps,2.12.0,False,True,1,mps,track_c0_20260817T014543Z,4e1680d0e63b6c10eb7ef77a367753ed7cb36131,aaron-mac.local,scripts/run_track_c0.py --device mps --tag track_c0_20260817T014543Z --resume,"{'shared_core_params': 164481, 'adapter_params_per_task': 640, 'adapter_params_all_tasks': 2560, 'n_tasks': 4, 'adapter_pct_of_core_per_task': 0.3891, 'adapter_pct_of_core_all_tasks': 1.5564}",can,main,c0_screening
sp_nav,0,2,4,rcc,3,0.8666,0.8816,0.0877,0.0502,0.2643,0.7909,0.0821,0.9133,76,218.0,mps,2.12.0,False,True,1,mps,track_c0_20260817T014543Z,4e1680d0e63b6c10eb7ef77a367753ed7cb36131,aaron-mac.local,scripts/run_track_c0.py --device mps --tag track_c0_20260817T014543Z --resume,"{'shared_core_params': 164481, 'adapter_params_per_task': 640, 'adapter_params_all_tasks': 2560, 'n_tasks': 4, 'adapter_pct_of_core_per_task': 0.3891, 'adapter_pct_of_core_all_tasks': 1.5564}",can,main,c0_screening
sp_nav,0,2,4,brca,4,0.9203,0.9355,1.0,-0.0,0.1637,0.6764,0.1123,0.7009,93,219.0,mps,2.12.0,False,True,1,mps,track_c0_20260817T014543Z,4e1680d0e63b6c10eb7ef77a367753ed7cb36131,aaron-mac.local,scripts/run_track_c0.py --device mps --tag track_c0_20260817T014543Z --resume,"{'shared_core_params': 164481, 'adapter_params_per_task': 640, 'adapter_params_all_tasks': 2560, 'n_tasks': 4, 'adapter_pct_of_core_per_task': 0.3891, 'adapter_pct_of_core_all_tasks': 1.5564}",can,main,c0_screening
sp_nav,1,1,1,esca,1,0.875,0.8667,1.0,0.0,-0.1991,0.7425,0.1129,0.8018,15,6.0,mps,2.12.0,False,True,1,mps,track_c0_20260817T014543Z,4e1680d0e63b6c10eb7ef77a367753ed7cb36131,aaron-mac.local,scripts/run_track_c0.py --device mps --tag track_c0_20260817T014543Z --resume,"{'shared_core_params': 164481, 'adapter_params_per_task': 640, 'adapter_params_all_tasks': 2560, 'n_tasks': 4, 'adapter_pct_of_core_per_task': 0.3891, 'adapter_pct_of_core_all_tasks': 1.5564}",can,main,c0_screening
sp_nav,1,1,2,esca,1,0.9375,0.9333,0.2,0.1909,0.6274,0.8019,0.0868,0.8018,15,47.1,mps,2.12.0,False,True,1,mps,track_c0_20260817T014543Z,4e1680d0e63b6c10eb7ef77a367753ed7cb36131,aaron-mac.local,scripts/run_track_c0.py --device mps --tag track_c0_20260817T014543Z --resume,"{'shared_core_params': 164481, 'adapter_params_per_task': 640, 'adapter_params_all_tasks': 2560, 'n_tasks': 4, 'adapter_pct_of_core_per_task': 0.3891, 'adapter_pct_of_core_all_tasks': 1.5564}",can,main,c0_screening
sp_nav,1,1,2,lung,2,0.8966,0.8947,1.0,-0.0,0.2498,0.7023,0.1225,0.771,95,47.8,mps,2.12.0,False,True,1,mps,track_c0_20260817T014543Z,4e1680d0e63b6c10eb7ef77a367753ed7cb36131,aaron-mac.local,scripts/run_track_c0.py --device mps --tag track_c0_20260817T014543Z --resume,"{'shared_core_params': 164481, 'adapter_params_per_task': 640, 'adapter_params_all_tasks': 2560, 'n_tasks': 4, 'adapter_pct_of_core_per_task': 0.3891, 'adapter_pct_of_core_all_tasks': 1.5564}",can,main,c0_screening
sp_nav,1,1,3,esca,1,0.7946,0.8,0.0,0.1418,0.3981,0.7143,0.1176,0.8018,15,79.5,mps,2.12.0,False,True,1,mps,track_c0_20260817T014543Z,4e1680d0e63b6c10eb7ef77a367753ed7cb36131,aaron-mac.local,scripts/run_track_c0.py --device mps --tag track_c0_20260817T014543Z --resume,"{'shared_core_params': 164481, 'adapter_params_per_task': 640, 'adapter_params_all_tasks': 2560, 'n_tasks': 4, 'adapter_pct_of_core_per_task': 0.3891, 'adapter_pct_of_core_all_tasks': 1.5564}",can,main,c0_screening
sp_nav,1,1,3,lung,2,0.8762,0.8737,0.1789,0.1758,0.1535,0.6003,0.1494,0.771,95,80.0,mps,2.12.0,False,True,1,mps,track_c0_20260817T014543Z,4e1680d0e63b6c10eb7ef77a367753ed7cb36131,aaron-mac.local,scripts/run_track_c0.py --device mps --tag track_c0_20260817T014543Z --resume,"{'shared_core_params': 164481, 'adapter_params_per_task': 640, 'adapter_params_all_tasks': 2560, 'n_tasks': 4, 'adapter_pct_of_core_per_task': 0.3891, 'adapter_pct_of_core_all_tasks': 1.5564}",can,main,c0_screening
sp_nav,1,1,3,rcc,3,0.9713,0.9737,1.0,-0.0,0.8482,0.7898,0.0807,0.9035,76,80.5,mps,2.12.0,False,True,1,mps,track_c0_20260817T014543Z,4e1680d0e63b6c10eb7ef77a367753ed7cb36131,aaron-mac.local,scripts/run_track_c0.py --device mps --tag track_c0_20260817T014543Z --resume,"{'shared_core_params': 164481, 'adapter_params_per_task': 640, 'adapter_params_all_tasks': 2560, 'n_tasks': 4, 'adapter_pct_of_core_per_task': 0.3891, 'adapter_pct_of_core_all_tasks': 1.5564}",can,main,c0_screening
sp_nav,1,1,4,esca,1,0.8036,0.8,0.0,0.1666,-0.4061,0.6426,0.1509,0.8018,15,117.1,mps,2.12.0,False,True,1,mps,track_c0_20260817T014543Z,4e1680d0e63b6c10eb7ef77a367753ed7cb36131,aaron-mac.local,scripts/run_track_c0.py --device mps --tag track_c0_20260817T014543Z --resume,"{'shared_core_params': 164481, 'adapter_params_per_task': 640, 'adapter_params_all_tasks': 2560, 'n_tasks': 4, 'adapter_pct_of_core_per_task': 0.3891, 'adapter_pct_of_core_all_tasks': 1.5564}",can,main,c0_screening
sp_nav,1,1,4,lung,2,0.8028,0.8,0.0737,0.4385,0.2778,0.476,0.1896,0.771,95,117.6,mps,2.12.0,False,True,1,mps,track_c0_20260817T014543Z,4e1680d0e63b6c10eb7ef77a367753ed7cb36131,aaron-mac.local,scripts/run_track_c0.py --device mps --tag track_c0_20260817T014543Z --resume,"{'shared_core_params': 164481, 'adapter_params_per_task': 640, 'adapter_params_all_tasks': 2560, 'n_tasks': 4, 'adapter_pct_of_core_per_task': 0.3891, 'adapter_pct_of_core_all_tasks': 1.5564}",can,main,c0_screening
sp_nav,1,1,4,rcc,3,0.9221,0.9211,0.1579,0.1807,0.7904,0.743,0.096,0.9035,76,118.0,mps,2.12.0,False,True,1,mps,track_c0_20260817T014543Z,4e1680d0e63b6c10eb7ef77a367753ed7cb36131,aaron-mac.local,scripts/run_track_c0.py --device mps --tag track_c0_20260817T014543Z --resume,"{'shared_core_params': 164481, 'adapter_params_per_task': 640, 'adapter_params_all_tasks': 2560, 'n_tasks': 4, 'adapter_pct_of_core_per_task': 0.3891, 'adapter_pct_of_core_all_tasks': 1.5564}",can,main,c0_screening
sp_nav,1,1,4,brca,4,0.776,0.8925,1.0,-0.0,0.1587,0.6651,0.1254,0.68,93,118.5,mps,2.12.0,False,True,1,mps,track_c0_20260817T014543Z,4e1680d0e63b6c10eb7ef77a367753ed7cb36131,aaron-mac.local,scripts/run_track_c0.py --device mps --tag track_c0_20260817T014543Z --resume,"{'shared_core_params': 164481, 'adapter_params_per_task': 640, 'adapter_params_all_tasks': 2560, 'n_tasks': 4, 'adapter_pct_of_core_per_task': 0.3891, 'adapter_pct_of_core_all_tasks': 1.5564}",can,main,c0_screening
sp_nav,1,2,1,esca,1,0.8661,0.8667,1.0,0.0,-0.2064,0.7235,0.1169,0.8464,15,11.3,mps,2.12.0,False,True,1,mps,track_c0_20260817T014543Z,4e1680d0e63b6c10eb7ef77a367753ed7cb36131,aaron-mac.local,scripts/run_track_c0.py --device mps --tag track_c0_20260817T014543Z --resume,"{'shared_core_params': 164481, 'adapter_params_per_task': 640, 'adapter_params_all_tasks': 2560, 'n_tasks': 4, 'adapter_pct_of_core_per_task': 0.3891, 'adapter_pct_of_core_all_tasks': 1.5564}",can,main,c0_screening
sp_nav,1,2,2,esca,1,0.8661,0.8667,0.0889,0.0698,0.1142,0.7335,0.11,0.8464,15,83.3,mps,2.12.0,False,True,1,mps,track_c0_20260817T014543Z,4e1680d0e63b6c10eb7ef77a367753ed7cb36131,aaron-mac.local,scripts/run_track_c0.py --device mps --tag track_c0_20260817T014543Z --resume,"{'shared_core_params': 164481, 'adapter_params_per_task': 640, 'adapter_params_all_tasks': 2560, 'n_tasks': 4, 'adapter_pct_of_core_per_task': 0.3891, 'adapter_pct_of_core_all_tasks': 1.5564}",can,main,c0_screening
sp_nav,1,2,2,lung,2,0.8966,0.8947,1.0,-0.0,0.0901,0.5863,0.1454,0.7828,95,84.4,mps,2.12.0,False,True,1,mps,track_c0_20260817T014543Z,4e1680d0e63b6c10eb7ef77a367753ed7cb36131,aaron-mac.local,scripts/run_track_c0.py --device mps --tag track_c0_20260817T014543Z --resume,"{'shared_core_params': 164481, 'adapter_params_per_task': 640, 'adapter_params_all_tasks': 2560, 'n_tasks': 4, 'adapter_pct_of_core_per_task': 0.3891, 'adapter_pct_of_core_all_tasks': 1.5564}",can,main,c0_screening
sp_nav,1,2,3,esca,1,0.9286,0.9333,0.0889,0.0553,0.1425,0.7399,0.1034,0.8464,15,141.5,mps,2.12.0,False,True,1,mps,track_c0_20260817T014543Z,4e1680d0e63b6c10eb7ef77a367753ed7cb36131,aaron-mac.local,scripts/run_track_c0.py --device mps --tag track_c0_20260817T014543Z --resume,"{'shared_core_params': 164481, 'adapter_params_per_task': 640, 'adapter_params_all_tasks': 2560, 'n_tasks': 4, 'adapter_pct_of_core_per_task': 0.3891, 'adapter_pct_of_core_all_tasks': 1.5564}",can,main,c0_screening
sp_nav,1,2,3,lung,2,0.8545,0.8526,0.1088,0.123,0.1605,0.5393,0.1525,0.7828,95,142.5,mps,2.12.0,False,True,1,mps,track_c0_20260817T014543Z,4e1680d0e63b6c10eb7ef77a367753ed7cb36131,aaron-mac.local,scripts/run_track_c0.py --device mps --tag track_c0_20260817T014543Z --resume,"{'shared_core_params': 164481, 'adapter_params_per_task': 640, 'adapter_params_all_tasks': 2560, 'n_tasks': 4, 'adapter_pct_of_core_per_task': 0.3891, 'adapter_pct_of_core_all_tasks': 1.5564}",can,main,c0_screening
sp_nav,1,2,3,rcc,3,0.9611,0.9605,1.0,-0.0,0.401,0.7708,0.0835,0.8859,76,143.3,mps,2.12.0,False,True,1,mps,track_c0_20260817T014543Z,4e1680d0e63b6c10eb7ef77a367753ed7cb36131,aaron-mac.local,scripts/run_track_c0.py --device mps --tag track_c0_20260817T014543Z --resume,"{'shared_core_params': 164481, 'adapter_params_per_task': 640, 'adapter_params_all_tasks': 2560, 'n_tasks': 4, 'adapter_pct_of_core_per_task': 0.3891, 'adapter_pct_of_core_all_tasks': 1.5564}",can,main,c0_screening
sp_nav,1,2,4,esca,1,0.8571,0.8667,0.0889,0.0557,0.1232,0.7046,0.1219,0.8464,15,212.7,mps,2.12.0,False,True,1,mps,track_c0_20260817T014543Z,4e1680d0e63b6c10eb7ef77a367753ed7cb36131,aaron-mac.local,scripts/run_track_c0.py --device mps --tag track_c0_20260817T014543Z --resume,"{'shared_core_params': 164481, 'adapter_params_per_task': 640, 'adapter_params_all_tasks': 2560, 'n_tasks': 4, 'adapter_pct_of_core_per_task': 0.3891, 'adapter_pct_of_core_all_tasks': 1.5564}",can,main,c0_screening
sp_nav,1,2,4,lung,2,0.7735,0.7684,0.0491,0.2146,0.0681,0.4784,0.1729,0.7828,95,213.8,mps,2.12.0,False,True,1,mps,track_c0_20260817T014543Z,4e1680d0e63b6c10eb7ef77a367753ed7cb36131,aaron-mac.local,scripts/run_track_c0.py --device mps --tag track_c0_20260817T014543Z --resume,"{'shared_core_params': 164481, 'adapter_params_per_task': 640, 'adapter_params_all_tasks': 2560, 'n_tasks': 4, 'adapter_pct_of_core_per_task': 0.3891, 'adapter_pct_of_core_all_tasks': 1.5564}",can,main,c0_screening
sp_nav,1,2,4,rcc,3,0.9509,0.9474,0.1228,0.0472,0.4192,0.7627,0.0852,0.8859,76,214.6,mps,2.12.0,False,True,1,mps,track_c0_20260817T014543Z,4e1680d0e63b6c10eb7ef77a367753ed7cb36131,aaron-mac.local,scripts/run_track_c0.py --device mps --tag track_c0_20260817T014543Z --resume,"{'shared_core_params': 164481, 'adapter_params_per_task': 640, 'adapter_params_all_tasks': 2560, 'n_tasks': 4, 'adapter_pct_of_core_per_task': 0.3891, 'adapter_pct_of_core_all_tasks': 1.5564}",can,main,c0_screening
sp_nav,1,2,4,brca,4,0.9075,0.9462,1.0,-0.0,0.1817,0.6365,0.1237,0.7008,93,215.6,mps,2.12.0,False,True,1,mps,track_c0_20260817T014543Z,4e1680d0e63b6c10eb7ef77a367753ed7cb36131,aaron-mac.local,scripts/run_track_c0.py --device mps --tag track_c0_20260817T014543Z --resume,"{'shared_core_params': 164481, 'adapter_params_per_task': 640, 'adapter_params_all_tasks': 2560, 'n_tasks': 4, 'adapter_pct_of_core_per_task': 0.3891, 'adapter_pct_of_core_all_tasks': 1.5564}",can,main,c0_screening
sp_nav,2,1,1,esca,1,0.9375,0.9333,1.0,-0.0,0.4936,0.7708,0.0946,0.8679,15,6.3,mps,2.12.0,False,True,1,mps,track_c0_20260817T014543Z,4e1680d0e63b6c10eb7ef77a367753ed7cb36131,aaron-mac.local,scripts/run_track_c0.py --device mps --tag track_c0_20260817T014543Z --resume,"{'shared_core_params': 164481, 'adapter_params_per_task': 640, 'adapter_params_all_tasks': 2560, 'n_tasks': 4, 'adapter_pct_of_core_per_task': 0.3891, 'adapter_pct_of_core_all_tasks': 1.5564}",can,main,c0_screening
sp_nav,2,1,2,esca,1,0.8661,0.8667,0.0667,0.1852,0.4012,0.7864,0.0792,0.8679,15,47.0,mps,2.12.0,False,True,1,mps,track_c0_20260817T014543Z,4e1680d0e63b6c10eb7ef77a367753ed7cb36131,aaron-mac.local,scripts/run_track_c0.py --device mps --tag track_c0_20260817T014543Z --resume,"{'shared_core_params': 164481, 'adapter_params_per_task': 640, 'adapter_params_all_tasks': 2560, 'n_tasks': 4, 'adapter_pct_of_core_per_task': 0.3891, 'adapter_pct_of_core_all_tasks': 1.5564}",can,main,c0_screening
sp_nav,2,1,2,lung,2,0.8756,0.8737,1.0,0.0,0.0511,0.7,0.1264,0.7639,95,47.6,mps,2.12.0,False,True,1,mps,track_c0_20260817T014543Z,4e1680d0e63b6c10eb7ef77a367753ed7cb36131,aaron-mac.local,scripts/run_track_c0.py --device mps --tag track_c0_20260817T014543Z --resume,"{'shared_core_params': 164481, 'adapter_params_per_task': 640, 'adapter_params_all_tasks': 2560, 'n_tasks': 4, 'adapter_pct_of_core_per_task': 0.3891, 'adapter_pct_of_core_all_tasks': 1.5564}",can,main,c0_screening
sp_nav,2,1,3,esca,1,0.9375,0.9333,0.0667,0.1254,0.1309,0.7696,0.09,0.8679,15,78.1,mps,2.12.0,False,True,1,mps,track_c0_20260817T014543Z,4e1680d0e63b6c10eb7ef77a367753ed7cb36131,aaron-mac.local,scripts/run_track_c0.py --device mps --tag track_c0_20260817T014543Z --resume,"{'shared_core_params': 164481, 'adapter_params_per_task': 640, 'adapter_params_all_tasks': 2560, 'n_tasks': 4, 'adapter_pct_of_core_per_task': 0.3891, 'adapter_pct_of_core_all_tasks': 1.5564}",can,main,c0_screening
sp_nav,2,1,3,lung,2,0.8456,0.8421,0.2,0.1696,0.0332,0.6205,0.1521,0.7639,95,78.7,mps,2.12.0,False,True,1,mps,track_c0_20260817T014543Z,4e1680d0e63b6c10eb7ef77a367753ed7cb36131,aaron-mac.local,scripts/run_track_c0.py --device mps --tag track_c0_20260817T014543Z --resume,"{'shared_core_params': 164481, 'adapter_params_per_task': 640, 'adapter_params_all_tasks': 2560, 'n_tasks': 4, 'adapter_pct_of_core_per_task': 0.3891, 'adapter_pct_of_core_all_tasks': 1.5564}",can,main,c0_screening
sp_nav,2,1,3,rcc,3,0.9592,0.9474,1.0,-0.0,0.8421,0.7992,0.079,0.8511,76,79.1,mps,2.12.0,False,True,1,mps,track_c0_20260817T014543Z,4e1680d0e63b6c10eb7ef77a367753ed7cb36131,aaron-mac.local,scripts/run_track_c0.py --device mps --tag track_c0_20260817T014543Z --resume,"{'shared_core_params': 164481, 'adapter_params_per_task': 640, 'adapter_params_all_tasks': 2560, 'n_tasks': 4, 'adapter_pct_of_core_per_task': 0.3891, 'adapter_pct_of_core_all_tasks': 1.5564}",can,main,c0_screening
sp_nav,2,1,4,esca,1,0.8036,0.8,0.0667,0.1839,0.0933,0.6715,0.1241,0.8679,15,117.4,mps,2.12.0,False,True,1,mps,track_c0_20260817T014543Z,4e1680d0e63b6c10eb7ef77a367753ed7cb36131,aaron-mac.local,scripts/run_track_c0.py --device mps --tag track_c0_20260817T014543Z --resume,"{'shared_core_params': 164481, 'adapter_params_per_task': 640, 'adapter_params_all_tasks': 2560, 'n_tasks': 4, 'adapter_pct_of_core_per_task': 0.3891, 'adapter_pct_of_core_all_tasks': 1.5564}",can,main,c0_screening
sp_nav,2,1,4,lung,2,0.7824,0.7789,0.0842,0.4162,0.1063,0.4879,0.193,0.7639,95,117.9,mps,2.12.0,False,True,1,mps,track_c0_20260817T014543Z,4e1680d0e63b6c10eb7ef77a367753ed7cb36131,aaron-mac.local,scripts/run_track_c0.py --device mps --tag track_c0_20260817T014543Z --resume,"{'shared_core_params': 164481, 'adapter_params_per_task': 640, 'adapter_params_all_tasks': 2560, 'n_tasks': 4, 'adapter_pct_of_core_per_task': 0.3891, 'adapter_pct_of_core_all_tasks': 1.5564}",can,main,c0_screening
sp_nav,2,1,4,rcc,3,0.8768,0.8947,0.0921,0.1626,0.7301,0.7379,0.1057,0.8511,76,118.4,mps,2.12.0,False,True,1,mps,track_c0_20260817T014543Z,4e1680d0e63b6c10eb7ef77a367753ed7cb36131,aaron-mac.local,scripts/run_track_c0.py --device mps --tag track_c0_20260817T014543Z --resume,"{'shared_core_params': 164481, 'adapter_params_per_task': 640, 'adapter_params_all_tasks': 2560, 'n_tasks': 4, 'adapter_pct_of_core_per_task': 0.3891, 'adapter_pct_of_core_all_tasks': 1.5564}",can,main,c0_screening
sp_nav,2,1,4,brca,4,0.8023,0.9032,1.0,-0.0,0.3017,0.6863,0.1191,0.6575,93,119.0,mps,2.12.0,False,True,1,mps,track_c0_20260817T014543Z,4e1680d0e63b6c10eb7ef77a367753ed7cb36131,aaron-mac.local,scripts/run_track_c0.py --device mps --tag track_c0_20260817T014543Z --resume,"{'shared_core_params': 164481, 'adapter_params_per_task': 640, 'adapter_params_all_tasks': 2560, 'n_tasks': 4, 'adapter_pct_of_core_per_task': 0.3891, 'adapter_pct_of_core_all_tasks': 1.5564}",can,main,c0_screening
sp_nav,2,2,1,esca,1,0.9375,0.9333,1.0,-0.0,0.2548,0.7472,0.1058,0.8393,15,11.0,mps,2.12.0,False,True,1,mps,track_c0_20260817T014543Z,4e1680d0e63b6c10eb7ef77a367753ed7cb36131,aaron-mac.local,scripts/run_track_c0.py --device mps --tag track_c0_20260817T014543Z --resume,"{'shared_core_params': 164481, 'adapter_params_per_task': 640, 'adapter_params_all_tasks': 2560, 'n_tasks': 4, 'adapter_pct_of_core_per_task': 0.3891, 'adapter_pct_of_core_all_tasks': 1.5564}",can,main,c0_screening
sp_nav,2,2,2,esca,1,0.9375,0.9333,0.1111,0.0436,0.1419,0.734,0.114,0.8393,15,81.1,mps,2.12.0,False,True,1,mps,track_c0_20260817T014543Z,4e1680d0e63b6c10eb7ef77a367753ed7cb36131,aaron-mac.local,scripts/run_track_c0.py --device mps --tag track_c0_20260817T014543Z --resume,"{'shared_core_params': 164481, 'adapter_params_per_task': 640, 'adapter_params_all_tasks': 2560, 'n_tasks': 4, 'adapter_pct_of_core_per_task': 0.3891, 'adapter_pct_of_core_all_tasks': 1.5564}",can,main,c0_screening
sp_nav,2,2,2,lung,2,0.8858,0.8842,1.0,-0.0,0.0307,0.6602,0.1285,0.7886,95,82.2,mps,2.12.0,False,True,1,mps,track_c0_20260817T014543Z,4e1680d0e63b6c10eb7ef77a367753ed7cb36131,aaron-mac.local,scripts/run_track_c0.py --device mps --tag track_c0_20260817T014543Z --resume,"{'shared_core_params': 164481, 'adapter_params_per_task': 640, 'adapter_params_all_tasks': 2560, 'n_tasks': 4, 'adapter_pct_of_core_per_task': 0.3891, 'adapter_pct_of_core_all_tasks': 1.5564}",can,main,c0_screening
sp_nav,2,2,3,esca,1,0.9375,0.9333,0.1111,0.041,0.0649,0.7407,0.1094,0.8393,15,136.3,mps,2.12.0,False,True,1,mps,track_c0_20260817T014543Z,4e1680d0e63b6c10eb7ef77a367753ed7cb36131,aaron-mac.local,scripts/run_track_c0.py --device mps --tag track_c0_20260817T014543Z --resume,"{'shared_core_params': 164481, 'adapter_params_per_task': 640, 'adapter_params_all_tasks': 2560, 'n_tasks': 4, 'adapter_pct_of_core_per_task': 0.3891, 'adapter_pct_of_core_all_tasks': 1.5564}",can,main,c0_screening
sp_nav,2,2,3,lung,2,0.8456,0.8421,0.1123,0.1043,0.0266,0.6041,0.1454,0.7886,95,137.3,mps,2.12.0,False,True,1,mps,track_c0_20260817T014543Z,4e1680d0e63b6c10eb7ef77a367753ed7cb36131,aaron-mac.local,scripts/run_track_c0.py --device mps --tag track_c0_20260817T014543Z --resume,"{'shared_core_params': 164481, 'adapter_params_per_task': 640, 'adapter_params_all_tasks': 2560, 'n_tasks': 4, 'adapter_pct_of_core_per_task': 0.3891, 'adapter_pct_of_core_all_tasks': 1.5564}",can,main,c0_screening
sp_nav,2,2,3,rcc,3,0.9611,0.9605,1.0,0.0,0.4014,0.7964,0.0787,0.9083,76,138.1,mps,2.12.0,False,True,1,mps,track_c0_20260817T014543Z,4e1680d0e63b6c10eb7ef77a367753ed7cb36131,aaron-mac.local,scripts/run_track_c0.py --device mps --tag track_c0_20260817T014543Z --resume,"{'shared_core_params': 164481, 'adapter_params_per_task': 640, 'adapter_params_all_tasks': 2560, 'n_tasks': 4, 'adapter_pct_of_core_per_task': 0.3891, 'adapter_pct_of_core_all_tasks': 1.5564}",can,main,c0_screening
sp_nav,2,2,4,esca,1,0.875,0.8667,0.0889,0.0665,-0.141,0.7131,0.1218,0.8393,15,205.6,mps,2.12.0,False,True,1,mps,track_c0_20260817T014543Z,4e1680d0e63b6c10eb7ef77a367753ed7cb36131,aaron-mac.local,scripts/run_track_c0.py --device mps --tag track_c0_20260817T014543Z --resume,"{'shared_core_params': 164481, 'adapter_params_per_task': 640, 'adapter_params_all_tasks': 2560, 'n_tasks': 4, 'adapter_pct_of_core_per_task': 0.3891, 'adapter_pct_of_core_all_tasks': 1.5564}",can,main,c0_screening
sp_nav,2,2,4,lung,2,0.7409,0.7368,0.0737,0.1574,0.0575,0.5714,0.1533,0.7886,95,206.6,mps,2.12.0,False,True,1,mps,track_c0_20260817T014543Z,4e1680d0e63b6c10eb7ef77a367753ed7cb36131,aaron-mac.local,scripts/run_track_c0.py --device mps --tag track_c0_20260817T014543Z --resume,"{'shared_core_params': 164481, 'adapter_params_per_task': 640, 'adapter_params_all_tasks': 2560, 'n_tasks': 4, 'adapter_pct_of_core_per_task': 0.3891, 'adapter_pct_of_core_all_tasks': 1.5564}",can,main,c0_screening
sp_nav,2,2,4,rcc,3,0.9528,0.9605,0.1272,0.0613,0.3847,0.7937,0.0787,0.9083,76,207.4,mps,2.12.0,False,True,1,mps,track_c0_20260817T014543Z,4e1680d0e63b6c10eb7ef77a367753ed7cb36131,aaron-mac.local,scripts/run_track_c0.py --device mps --tag track_c0_20260817T014543Z --resume,"{'shared_core_params': 164481, 'adapter_params_per_task': 640, 'adapter_params_all_tasks': 2560, 'n_tasks': 4, 'adapter_pct_of_core_per_task': 0.3891, 'adapter_pct_of_core_all_tasks': 1.5564}",can,main,c0_screening
sp_nav,2,2,4,brca,4,0.8218,0.9032,1.0,-0.0,0.0565,0.6539,0.1152,0.7351,93,208.5,mps,2.12.0,False,True,1,mps,track_c0_20260817T014543Z,4e1680d0e63b6c10eb7ef77a367753ed7cb36131,aaron-mac.local,scripts/run_track_c0.py --device mps --tag track_c0_20260817T014543Z --resume,"{'shared_core_params': 164481, 'adapter_params_per_task': 640, 'adapter_params_all_tasks': 2560, 'n_tasks': 4, 'adapter_pct_of_core_per_task': 0.3891, 'adapter_pct_of_core_all_tasks': 1.5564}",can,main,c0_screening
sp_nav_eq,0,1,1,esca,1,0.8661,0.8667,1.0,0.0,-0.5533,0.7437,0.1096,0.8321,15,6.1,mps,2.12.0,False,True,1,mps,track_c0_20260817T014543Z,4e1680d0e63b6c10eb7ef77a367753ed7cb36131,aaron-mac.local,scripts/run_track_c0.py --device mps --tag track_c0_20260817T014543Z --resume,"{'shared_core_params': 164481, 'adapter_params_per_task': 640, 'adapter_params_all_tasks': 2560, 'n_tasks': 4, 'adapter_pct_of_core_per_task': 0.3891, 'adapter_pct_of_core_all_tasks': 1.5564}",can,main,c0_screening
sp_nav_eq,0,1,2,esca,1,0.9375,0.9333,0.1333,4.0978,0.6183,0.9698,0.0071,0.8321,15,71.3,mps,2.12.0,False,True,1,mps,track_c0_20260817T014543Z,4e1680d0e63b6c10eb7ef77a367753ed7cb36131,aaron-mac.local,scripts/run_track_c0.py --device mps --tag track_c0_20260817T014543Z --resume,"{'shared_core_params': 164481, 'adapter_params_per_task': 640, 'adapter_params_all_tasks': 2560, 'n_tasks': 4, 'adapter_pct_of_core_per_task': 0.3891, 'adapter_pct_of_core_all_tasks': 1.5564}",can,main,c0_screening
sp_nav_eq,0,1,2,lung,2,0.8667,0.8632,1.0,0.0,0.0815,0.7223,0.122,0.7707,95,71.8,mps,2.12.0,False,True,1,mps,track_c0_20260817T014543Z,4e1680d0e63b6c10eb7ef77a367753ed7cb36131,aaron-mac.local,scripts/run_track_c0.py --device mps --tag track_c0_20260817T014543Z --resume,"{'shared_core_params': 164481, 'adapter_params_per_task': 640, 'adapter_params_all_tasks': 2560, 'n_tasks': 4, 'adapter_pct_of_core_per_task': 0.3891, 'adapter_pct_of_core_all_tasks': 1.5564}",can,main,c0_screening
sp_nav_eq,0,1,3,esca,1,0.9375,0.9333,0.0667,6.9273,0.6182,0.9912,0.002,0.8321,15,122.8,mps,2.12.0,False,True,1,mps,track_c0_20260817T014543Z,4e1680d0e63b6c10eb7ef77a367753ed7cb36131,aaron-mac.local,scripts/run_track_c0.py --device mps --tag track_c0_20260817T014543Z --resume,"{'shared_core_params': 164481, 'adapter_params_per_task': 640, 'adapter_params_all_tasks': 2560, 'n_tasks': 4, 'adapter_pct_of_core_per_task': 0.3891, 'adapter_pct_of_core_all_tasks': 1.5564}",can,main,c0_screening
sp_nav_eq,0,1,3,lung,2,0.8571,0.8526,0.3263,2.6484,0.0516,0.8044,0.1162,0.7707,95,123.4,mps,2.12.0,False,True,1,mps,track_c0_20260817T014543Z,4e1680d0e63b6c10eb7ef77a367753ed7cb36131,aaron-mac.local,scripts/run_track_c0.py --device mps --tag track_c0_20260817T014543Z --resume,"{'shared_core_params': 164481, 'adapter_params_per_task': 640, 'adapter_params_all_tasks': 2560, 'n_tasks': 4, 'adapter_pct_of_core_per_task': 0.3891, 'adapter_pct_of_core_all_tasks': 1.5564}",can,main,c0_screening
sp_nav_eq,0,1,3,rcc,3,0.9611,0.9605,1.0,0.0,0.8691,0.7983,0.0785,0.8722,76,123.8,mps,2.12.0,False,True,1,mps,track_c0_20260817T014543Z,4e1680d0e63b6c10eb7ef77a367753ed7cb36131,aaron-mac.local,scripts/run_track_c0.py --device mps --tag track_c0_20260817T014543Z --resume,"{'shared_core_params': 164481, 'adapter_params_per_task': 640, 'adapter_params_all_tasks': 2560, 'n_tasks': 4, 'adapter_pct_of_core_per_task': 0.3891, 'adapter_pct_of_core_all_tasks': 1.5564}",can,main,c0_screening
sp_nav_eq,0,1,4,esca,1,0.9375,0.9333,0.1333,6.8798,0.6174,0.9896,0.0031,0.8321,15,186.3,mps,2.12.0,False,True,1,mps,track_c0_20260817T014543Z,4e1680d0e63b6c10eb7ef77a367753ed7cb36131,aaron-mac.local,scripts/run_track_c0.py --device mps --tag track_c0_20260817T014543Z --resume,"{'shared_core_params': 164481, 'adapter_params_per_task': 640, 'adapter_params_all_tasks': 2560, 'n_tasks': 4, 'adapter_pct_of_core_per_task': 0.3891, 'adapter_pct_of_core_all_tasks': 1.5564}",can,main,c0_screening
sp_nav_eq,0,1,4,lung,2,0.8571,0.8526,0.2632,3.2027,0.0312,0.8126,0.114,0.7707,95,186.9,mps,2.12.0,False,True,1,mps,track_c0_20260817T014543Z,4e1680d0e63b6c10eb7ef77a367753ed7cb36131,aaron-mac.local,scripts/run_track_c0.py --device mps --tag track_c0_20260817T014543Z --resume,"{'shared_core_params': 164481, 'adapter_params_per_task': 640, 'adapter_params_all_tasks': 2560, 'n_tasks': 4, 'adapter_pct_of_core_per_task': 0.3891, 'adapter_pct_of_core_all_tasks': 1.5564}",can,main,c0_screening
sp_nav_eq,0,1,4,rcc,3,0.9407,0.9342,0.0526,1.1837,0.8128,0.8873,0.0485,0.8722,76,187.3,mps,2.12.0,False,True,1,mps,track_c0_20260817T014543Z,4e1680d0e63b6c10eb7ef77a367753ed7cb36131,aaron-mac.local,scripts/run_track_c0.py --device mps --tag track_c0_20260817T014543Z --resume,"{'shared_core_params': 164481, 'adapter_params_per_task': 640, 'adapter_params_all_tasks': 2560, 'n_tasks': 4, 'adapter_pct_of_core_per_task': 0.3891, 'adapter_pct_of_core_all_tasks': 1.5564}",can,main,c0_screening
sp_nav_eq,0,1,4,brca,4,0.8414,0.9032,1.0,-0.0,0.1965,0.7158,0.1075,0.6985,93,187.9,mps,2.12.0,False,True,1,mps,track_c0_20260817T014543Z,4e1680d0e63b6c10eb7ef77a367753ed7cb36131,aaron-mac.local,scripts/run_track_c0.py --device mps --tag track_c0_20260817T014543Z --resume,"{'shared_core_params': 164481, 'adapter_params_per_task': 640, 'adapter_params_all_tasks': 2560, 'n_tasks': 4, 'adapter_pct_of_core_per_task': 0.3891, 'adapter_pct_of_core_all_tasks': 1.5564}",can,main,c0_screening
sp_nav_eq,0,2,1,esca,1,0.8661,0.8667,1.0,0.0,-0.0611,0.7282,0.1122,0.8714,15,11.2,mps,2.12.0,False,True,1,mps,track_c0_20260817T014543Z,4e1680d0e63b6c10eb7ef77a367753ed7cb36131,aaron-mac.local,scripts/run_track_c0.py --device mps --tag track_c0_20260817T014543Z --resume,"{'shared_core_params': 164481, 'adapter_params_per_task': 640, 'adapter_params_all_tasks': 2560, 'n_tasks': 4, 'adapter_pct_of_core_per_task': 0.3891, 'adapter_pct_of_core_all_tasks': 1.5564}",can,main,c0_screening
sp_nav_eq,0,2,2,esca,1,1.0,1.0,0.1111,5.8606,0.3376,0.9842,0.0081,0.8714,15,132.4,mps,2.12.0,False,True,1,mps,track_c0_20260817T014543Z,4e1680d0e63b6c10eb7ef77a367753ed7cb36131,aaron-mac.local,scripts/run_track_c0.py --device mps --tag track_c0_20260817T014543Z --resume,"{'shared_core_params': 164481, 'adapter_params_per_task': 640, 'adapter_params_all_tasks': 2560, 'n_tasks': 4, 'adapter_pct_of_core_per_task': 0.3891, 'adapter_pct_of_core_all_tasks': 1.5564}",can,main,c0_screening
sp_nav_eq,0,2,2,lung,2,0.8558,0.8526,1.0,-0.0,-0.0226,0.6226,0.1393,0.8114,95,133.4,mps,2.12.0,False,True,1,mps,track_c0_20260817T014543Z,4e1680d0e63b6c10eb7ef77a367753ed7cb36131,aaron-mac.local,scripts/run_track_c0.py --device mps --tag track_c0_20260817T014543Z --resume,"{'shared_core_params': 164481, 'adapter_params_per_task': 640, 'adapter_params_all_tasks': 2560, 'n_tasks': 4, 'adapter_pct_of_core_per_task': 0.3891, 'adapter_pct_of_core_all_tasks': 1.5564}",can,main,c0_screening
sp_nav_eq,0,2,3,esca,1,1.0,1.0,0.0667,11.8421,0.3376,0.9961,0.0011,0.8714,15,230.9,mps,2.12.0,False,True,1,mps,track_c0_20260817T014543Z,4e1680d0e63b6c10eb7ef77a367753ed7cb36131,aaron-mac.local,scripts/run_track_c0.py --device mps --tag track_c0_20260817T014543Z --resume,"{'shared_core_params': 164481, 'adapter_params_per_task': 640, 'adapter_params_all_tasks': 2560, 'n_tasks': 4, 'adapter_pct_of_core_per_task': 0.3891, 'adapter_pct_of_core_all_tasks': 1.5564}",can,main,c0_screening
sp_nav_eq,0,2,3,lung,2,0.8463,0.8421,0.186,4.7137,-0.0435,0.8088,0.1141,0.8114,95,231.9,mps,2.12.0,False,True,1,mps,track_c0_20260817T014543Z,4e1680d0e63b6c10eb7ef77a367753ed7cb36131,aaron-mac.local,scripts/run_track_c0.py --device mps --tag track_c0_20260817T014543Z --resume,"{'shared_core_params': 164481, 'adapter_params_per_task': 640, 'adapter_params_all_tasks': 2560, 'n_tasks': 4, 'adapter_pct_of_core_per_task': 0.3891, 'adapter_pct_of_core_all_tasks': 1.5564}",can,main,c0_screening
sp_nav_eq,0,2,3,rcc,3,0.9796,0.9737,1.0,-0.0,0.4172,0.8013,0.0768,0.9133,76,232.8,mps,2.12.0,False,True,1,mps,track_c0_20260817T014543Z,4e1680d0e63b6c10eb7ef77a367753ed7cb36131,aaron-mac.local,scripts/run_track_c0.py --device mps --tag track_c0_20260817T014543Z --resume,"{'shared_core_params': 164481, 'adapter_params_per_task': 640, 'adapter_params_all_tasks': 2560, 'n_tasks': 4, 'adapter_pct_of_core_per_task': 0.3891, 'adapter_pct_of_core_all_tasks': 1.5564}",can,main,c0_screening
sp_nav_eq,0,2,4,esca,1,1.0,1.0,0.0667,8.6268,0.3376,0.9861,0.0067,0.8714,15,363.5,mps,2.12.0,False,True,1,mps,track_c0_20260817T014543Z,4e1680d0e63b6c10eb7ef77a367753ed7cb36131,aaron-mac.local,scripts/run_track_c0.py --device mps --tag track_c0_20260817T014543Z --resume,"{'shared_core_params': 164481, 'adapter_params_per_task': 640, 'adapter_params_all_tasks': 2560, 'n_tasks': 4, 'adapter_pct_of_core_per_task': 0.3891, 'adapter_pct_of_core_all_tasks': 1.5564}",can,main,c0_screening
sp_nav_eq,0,2,4,lung,2,0.8055,0.8,0.1579,3.5646,-0.0781,0.7628,0.1249,0.8114,95,364.6,mps,2.12.0,False,True,1,mps,track_c0_20260817T014543Z,4e1680d0e63b6c10eb7ef77a367753ed7cb36131,aaron-mac.local,scripts/run_track_c0.py --device mps --tag track_c0_20260817T014543Z --resume,"{'shared_core_params': 164481, 'adapter_params_per_task': 640, 'adapter_params_all_tasks': 2560, 'n_tasks': 4, 'adapter_pct_of_core_per_task': 0.3891, 'adapter_pct_of_core_all_tasks': 1.5564}",can,main,c0_screening
sp_nav_eq,0,2,4,rcc,3,0.9713,0.9737,0.0658,1.1102,0.4058,0.8917,0.0408,0.9133,76,365.5,mps,2.12.0,False,True,1,mps,track_c0_20260817T014543Z,4e1680d0e63b6c10eb7ef77a367753ed7cb36131,aaron-mac.local,scripts/run_track_c0.py --device mps --tag track_c0_20260817T014543Z --resume,"{'shared_core_params': 164481, 'adapter_params_per_task': 640, 'adapter_params_all_tasks': 2560, 'n_tasks': 4, 'adapter_pct_of_core_per_task': 0.3891, 'adapter_pct_of_core_all_tasks': 1.5564}",can,main,c0_screening
sp_nav_eq,0,2,4,brca,4,0.8677,0.914,1.0,-0.0,0.0769,0.6611,0.1168,0.7009,93,367.2,mps,2.12.0,False,True,1,mps,track_c0_20260817T014543Z,4e1680d0e63b6c10eb7ef77a367753ed7cb36131,aaron-mac.local,scripts/run_track_c0.py --device mps --tag track_c0_20260817T014543Z --resume,"{'shared_core_params': 164481, 'adapter_params_per_task': 640, 'adapter_params_all_tasks': 2560, 'n_tasks': 4, 'adapter_pct_of_core_per_task': 0.3891, 'adapter_pct_of_core_all_tasks': 1.5564}",can,main,c0_screening
sp_nav_eq,1,1,1,esca,1,0.875,0.8667,1.0,0.0,-0.1991,0.7425,0.1129,0.8018,15,6.5,mps,2.12.0,False,True,1,mps,track_c0_20260817T014543Z,4e1680d0e63b6c10eb7ef77a367753ed7cb36131,aaron-mac.local,scripts/run_track_c0.py --device mps --tag track_c0_20260817T014543Z --resume,"{'shared_core_params': 164481, 'adapter_params_per_task': 640, 'adapter_params_all_tasks': 2560, 'n_tasks': 4, 'adapter_pct_of_core_per_task': 0.3891, 'adapter_pct_of_core_all_tasks': 1.5564}",can,main,c0_screening
sp_nav_eq,1,1,2,esca,1,0.9375,0.9333,0.2,3.5727,0.6277,0.954,0.0128,0.8018,15,70.8,mps,2.12.0,False,True,1,mps,track_c0_20260817T014543Z,4e1680d0e63b6c10eb7ef77a367753ed7cb36131,aaron-mac.local,scripts/run_track_c0.py --device mps --tag track_c0_20260817T014543Z --resume,"{'shared_core_params': 164481, 'adapter_params_per_task': 640, 'adapter_params_all_tasks': 2560, 'n_tasks': 4, 'adapter_pct_of_core_per_task': 0.3891, 'adapter_pct_of_core_all_tasks': 1.5564}",can,main,c0_screening
sp_nav_eq,1,1,2,lung,2,0.8762,0.8737,1.0,-0.0,0.1726,0.7051,0.1226,0.771,95,71.3,mps,2.12.0,False,True,1,mps,track_c0_20260817T014543Z,4e1680d0e63b6c10eb7ef77a367753ed7cb36131,aaron-mac.local,scripts/run_track_c0.py --device mps --tag track_c0_20260817T014543Z --resume,"{'shared_core_params': 164481, 'adapter_params_per_task': 640, 'adapter_params_all_tasks': 2560, 'n_tasks': 4, 'adapter_pct_of_core_per_task': 0.3891, 'adapter_pct_of_core_all_tasks': 1.5564}",can,main,c0_screening
sp_nav_eq,1,1,3,esca,1,0.9375,0.9333,0.0667,11.3126,0.6274,0.9927,0.0025,0.8018,15,123.2,mps,2.12.0,False,True,1,mps,track_c0_20260817T014543Z,4e1680d0e63b6c10eb7ef77a367753ed7cb36131,aaron-mac.local,scripts/run_track_c0.py --device mps --tag track_c0_20260817T014543Z --resume,"{'shared_core_params': 164481, 'adapter_params_per_task': 640, 'adapter_params_all_tasks': 2560, 'n_tasks': 4, 'adapter_pct_of_core_per_task': 0.3891, 'adapter_pct_of_core_all_tasks': 1.5564}",can,main,c0_screening
sp_nav_eq,1,1,3,lung,2,0.8776,0.8737,0.2947,3.623,0.11,0.7647,0.1358,0.771,95,123.7,mps,2.12.0,False,True,1,mps,track_c0_20260817T014543Z,4e1680d0e63b6c10eb7ef77a367753ed7cb36131,aaron-mac.local,scripts/run_track_c0.py --device mps --tag track_c0_20260817T014543Z --resume,"{'shared_core_params': 164481, 'adapter_params_per_task': 640, 'adapter_params_all_tasks': 2560, 'n_tasks': 4, 'adapter_pct_of_core_per_task': 0.3891, 'adapter_pct_of_core_all_tasks': 1.5564}",can,main,c0_screening
sp_nav_eq,1,1,3,rcc,3,0.9509,0.9474,1.0,-0.0,0.805,0.8051,0.0734,0.9035,76,124.2,mps,2.12.0,False,True,1,mps,track_c0_20260817T014543Z,4e1680d0e63b6c10eb7ef77a367753ed7cb36131,aaron-mac.local,scripts/run_track_c0.py --device mps --tag track_c0_20260817T014543Z --resume,"{'shared_core_params': 164481, 'adapter_params_per_task': 640, 'adapter_params_all_tasks': 2560, 'n_tasks': 4, 'adapter_pct_of_core_per_task': 0.3891, 'adapter_pct_of_core_all_tasks': 1.5564}",can,main,c0_screening
sp_nav_eq,1,1,4,esca,1,0.9375,0.9333,0.1333,11.5901,0.6274,0.9893,0.0038,0.8018,15,189.3,mps,2.12.0,False,True,1,mps,track_c0_20260817T014543Z,4e1680d0e63b6c10eb7ef77a367753ed7cb36131,aaron-mac.local,scripts/run_track_c0.py --device mps --tag track_c0_20260817T014543Z --resume,"{'shared_core_params': 164481, 'adapter_params_per_task': 640, 'adapter_params_all_tasks': 2560, 'n_tasks': 4, 'adapter_pct_of_core_per_task': 0.3891, 'adapter_pct_of_core_all_tasks': 1.5564}",can,main,c0_screening
sp_nav_eq,1,1,4,lung,2,0.8776,0.8737,0.2947,4.1631,0.1122,0.7819,0.1352,0.771,95,189.9,mps,2.12.0,False,True,1,mps,track_c0_20260817T014543Z,4e1680d0e63b6c10eb7ef77a367753ed7cb36131,aaron-mac.local,scripts/run_track_c0.py --device mps --tag track_c0_20260817T014543Z --resume,"{'shared_core_params': 164481, 'adapter_params_per_task': 640, 'adapter_params_all_tasks': 2560, 'n_tasks': 4, 'adapter_pct_of_core_per_task': 0.3891, 'adapter_pct_of_core_all_tasks': 1.5564}",can,main,c0_screening
sp_nav_eq,1,1,4,rcc,3,0.9796,0.9737,0.1579,1.2748,0.8549,0.8902,0.0435,0.9035,76,190.3,mps,2.12.0,False,True,1,mps,track_c0_20260817T014543Z,4e1680d0e63b6c10eb7ef77a367753ed7cb36131,aaron-mac.local,scripts/run_track_c0.py --device mps --tag track_c0_20260817T014543Z --resume,"{'shared_core_params': 164481, 'adapter_params_per_task': 640, 'adapter_params_all_tasks': 2560, 'n_tasks': 4, 'adapter_pct_of_core_per_task': 0.3891, 'adapter_pct_of_core_all_tasks': 1.5564}",can,main,c0_screening
sp_nav_eq,1,1,4,brca,4,0.776,0.8925,1.0,-0.0,0.1583,0.6339,0.1393,0.68,93,190.8,mps,2.12.0,False,True,1,mps,track_c0_20260817T014543Z,4e1680d0e63b6c10eb7ef77a367753ed7cb36131,aaron-mac.local,scripts/run_track_c0.py --device mps --tag track_c0_20260817T014543Z --resume,"{'shared_core_params': 164481, 'adapter_params_per_task': 640, 'adapter_params_all_tasks': 2560, 'n_tasks': 4, 'adapter_pct_of_core_per_task': 0.3891, 'adapter_pct_of_core_all_tasks': 1.5564}",can,main,c0_screening
sp_nav_eq,1,2,1,esca,1,0.8661,0.8667,1.0,0.0,-0.2064,0.7235,0.1169,0.8464,15,11.7,mps,2.12.0,False,True,1,mps,track_c0_20260817T014543Z,4e1680d0e63b6c10eb7ef77a367753ed7cb36131,aaron-mac.local,scripts/run_track_c0.py --device mps --tag track_c0_20260817T014543Z --resume,"{'shared_core_params': 164481, 'adapter_params_per_task': 640, 'adapter_params_all_tasks': 2560, 'n_tasks': 4, 'adapter_pct_of_core_per_task': 0.3891, 'adapter_pct_of_core_all_tasks': 1.5564}",can,main,c0_screening
sp_nav_eq,1,2,2,esca,1,0.9375,0.9333,0.1111,6.8394,0.3123,0.9809,0.0038,0.8464,15,134.6,mps,2.12.0,False,True,1,mps,track_c0_20260817T014543Z,4e1680d0e63b6c10eb7ef77a367753ed7cb36131,aaron-mac.local,scripts/run_track_c0.py --device mps --tag track_c0_20260817T014543Z --resume,"{'shared_core_params': 164481, 'adapter_params_per_task': 640, 'adapter_params_all_tasks': 2560, 'n_tasks': 4, 'adapter_pct_of_core_per_task': 0.3891, 'adapter_pct_of_core_all_tasks': 1.5564}",can,main,c0_screening
sp_nav_eq,1,2,2,lung,2,0.866,0.8632,1.0,-0.0,0.0717,0.5951,0.1442,0.7828,95,135.6,mps,2.12.0,False,True,1,mps,track_c0_20260817T014543Z,4e1680d0e63b6c10eb7ef77a367753ed7cb36131,aaron-mac.local,scripts/run_track_c0.py --device mps --tag track_c0_20260817T014543Z --resume,"{'shared_core_params': 164481, 'adapter_params_per_task': 640, 'adapter_params_all_tasks': 2560, 'n_tasks': 4, 'adapter_pct_of_core_per_task': 0.3891, 'adapter_pct_of_core_all_tasks': 1.5564}",can,main,c0_screening
sp_nav_eq,1,2,3,esca,1,1.0,1.0,0.1333,13.0775,0.346,0.9889,0.0018,0.8464,15,232.2,mps,2.12.0,False,True,1,mps,track_c0_20260817T014543Z,4e1680d0e63b6c10eb7ef77a367753ed7cb36131,aaron-mac.local,scripts/run_track_c0.py --device mps --tag track_c0_20260817T014543Z --resume,"{'shared_core_params': 164481, 'adapter_params_per_task': 640, 'adapter_params_all_tasks': 2560, 'n_tasks': 4, 'adapter_pct_of_core_per_task': 0.3891, 'adapter_pct_of_core_all_tasks': 1.5564}",can,main,c0_screening
sp_nav_eq,1,2,3,lung,2,0.8361,0.8316,0.1544,5.1993,0.0074,0.7464,0.1141,0.7828,95,233.2,mps,2.12.0,False,True,1,mps,track_c0_20260817T014543Z,4e1680d0e63b6c10eb7ef77a367753ed7cb36131,aaron-mac.local,scripts/run_track_c0.py --device mps --tag track_c0_20260817T014543Z --resume,"{'shared_core_params': 164481, 'adapter_params_per_task': 640, 'adapter_params_all_tasks': 2560, 'n_tasks': 4, 'adapter_pct_of_core_per_task': 0.3891, 'adapter_pct_of_core_all_tasks': 1.5564}",can,main,c0_screening
sp_nav_eq,1,2,3,rcc,3,0.9611,0.9605,1.0,-0.0,0.4186,0.7612,0.0873,0.8859,76,234.0,mps,2.12.0,False,True,1,mps,track_c0_20260817T014543Z,4e1680d0e63b6c10eb7ef77a367753ed7cb36131,aaron-mac.local,scripts/run_track_c0.py --device mps --tag track_c0_20260817T014543Z --resume,"{'shared_core_params': 164481, 'adapter_params_per_task': 640, 'adapter_params_all_tasks': 2560, 'n_tasks': 4, 'adapter_pct_of_core_per_task': 0.3891, 'adapter_pct_of_core_all_tasks': 1.5564}",can,main,c0_screening
sp_nav_eq,1,2,4,esca,1,1.0,1.0,0.0889,10.5245,0.346,0.994,0.0011,0.8464,15,353.8,mps,2.12.0,False,True,1,mps,track_c0_20260817T014543Z,4e1680d0e63b6c10eb7ef77a367753ed7cb36131,aaron-mac.local,scripts/run_track_c0.py --device mps --tag track_c0_20260817T014543Z --resume,"{'shared_core_params': 164481, 'adapter_params_per_task': 640, 'adapter_params_all_tasks': 2560, 'n_tasks': 4, 'adapter_pct_of_core_per_task': 0.3891, 'adapter_pct_of_core_all_tasks': 1.5564}",can,main,c0_screening
sp_nav_eq,1,2,4,lung,2,0.8463,0.8421,0.1825,4.9288,0.0526,0.7534,0.1159,0.7828,95,354.9,mps,2.12.0,False,True,1,mps,track_c0_20260817T014543Z,4e1680d0e63b6c10eb7ef77a367753ed7cb36131,aaron-mac.local,scripts/run_track_c0.py --device mps --tag track_c0_20260817T014543Z --resume,"{'shared_core_params': 164481, 'adapter_params_per_task': 640, 'adapter_params_all_tasks': 2560, 'n_tasks': 4, 'adapter_pct_of_core_per_task': 0.3891, 'adapter_pct_of_core_all_tasks': 1.5564}",can,main,c0_screening
sp_nav_eq,1,2,4,rcc,3,0.9713,0.9737,0.0921,2.1686,0.4059,0.9259,0.0298,0.8859,76,355.8,mps,2.12.0,False,True,1,mps,track_c0_20260817T014543Z,4e1680d0e63b6c10eb7ef77a367753ed7cb36131,aaron-mac.local,scripts/run_track_c0.py --device mps --tag track_c0_20260817T014543Z --resume,"{'shared_core_params': 164481, 'adapter_params_per_task': 640, 'adapter_params_all_tasks': 2560, 'n_tasks': 4, 'adapter_pct_of_core_per_task': 0.3891, 'adapter_pct_of_core_all_tasks': 1.5564}",can,main,c0_screening
sp_nav_eq,1,2,4,brca,4,0.9008,0.9355,1.0,-0.0,0.1835,0.627,0.1272,0.7008,93,356.8,mps,2.12.0,False,True,1,mps,track_c0_20260817T014543Z,4e1680d0e63b6c10eb7ef77a367753ed7cb36131,aaron-mac.local,scripts/run_track_c0.py --device mps --tag track_c0_20260817T014543Z --resume,"{'shared_core_params': 164481, 'adapter_params_per_task': 640, 'adapter_params_all_tasks': 2560, 'n_tasks': 4, 'adapter_pct_of_core_per_task': 0.3891, 'adapter_pct_of_core_all_tasks': 1.5564}",can,main,c0_screening
sp_nav_eq,2,1,1,esca,1,0.9375,0.9333,1.0,-0.0,0.4936,0.7708,0.0946,0.8679,15,6.4,mps,2.12.0,False,True,1,mps,track_c0_20260817T014543Z,4e1680d0e63b6c10eb7ef77a367753ed7cb36131,aaron-mac.local,scripts/run_track_c0.py --device mps --tag track_c0_20260817T014543Z --resume,"{'shared_core_params': 164481, 'adapter_params_per_task': 640, 'adapter_params_all_tasks': 2560, 'n_tasks': 4, 'adapter_pct_of_core_per_task': 0.3891, 'adapter_pct_of_core_all_tasks': 1.5564}",can,main,c0_screening
sp_nav_eq,2,1,2,esca,1,0.9375,0.9333,0.1333,3.0334,0.6126,0.9637,0.01,0.8679,15,72.3,mps,2.12.0,False,True,1,mps,track_c0_20260817T014543Z,4e1680d0e63b6c10eb7ef77a367753ed7cb36131,aaron-mac.local,scripts/run_track_c0.py --device mps --tag track_c0_20260817T014543Z --resume,"{'shared_core_params': 164481, 'adapter_params_per_task': 640, 'adapter_params_all_tasks': 2560, 'n_tasks': 4, 'adapter_pct_of_core_per_task': 0.3891, 'adapter_pct_of_core_all_tasks': 1.5564}",can,main,c0_screening
sp_nav_eq,2,1,2,lung,2,0.8858,0.8842,1.0,-0.0,-0.004,0.6904,0.1273,0.7639,95,72.8,mps,2.12.0,False,True,1,mps,track_c0_20260817T014543Z,4e1680d0e63b6c10eb7ef77a367753ed7cb36131,aaron-mac.local,scripts/run_track_c0.py --device mps --tag track_c0_20260817T014543Z --resume,"{'shared_core_params': 164481, 'adapter_params_per_task': 640, 'adapter_params_all_tasks': 2560, 'n_tasks': 4, 'adapter_pct_of_core_per_task': 0.3891, 'adapter_pct_of_core_all_tasks': 1.5564}",can,main,c0_screening
sp_nav_eq,2,1,3,esca,1,0.9375,0.9333,0.0667,6.6974,0.6126,0.9587,0.0178,0.8679,15,124.9,mps,2.12.0,False,True,1,mps,track_c0_20260817T014543Z,4e1680d0e63b6c10eb7ef77a367753ed7cb36131,aaron-mac.local,scripts/run_track_c0.py --device mps --tag track_c0_20260817T014543Z --resume,"{'shared_core_params': 164481, 'adapter_params_per_task': 640, 'adapter_params_all_tasks': 2560, 'n_tasks': 4, 'adapter_pct_of_core_per_task': 0.3891, 'adapter_pct_of_core_all_tasks': 1.5564}",can,main,c0_screening
sp_nav_eq,2,1,3,lung,2,0.8571,0.8526,0.3263,3.5129,-0.0737,0.766,0.1358,0.7639,95,125.5,mps,2.12.0,False,True,1,mps,track_c0_20260817T014543Z,4e1680d0e63b6c10eb7ef77a367753ed7cb36131,aaron-mac.local,scripts/run_track_c0.py --device mps --tag track_c0_20260817T014543Z --resume,"{'shared_core_params': 164481, 'adapter_params_per_task': 640, 'adapter_params_all_tasks': 2560, 'n_tasks': 4, 'adapter_pct_of_core_per_task': 0.3891, 'adapter_pct_of_core_all_tasks': 1.5564}",can,main,c0_screening
sp_nav_eq,2,1,3,rcc,3,0.9592,0.9474,1.0,-0.0,0.831,0.7935,0.0806,0.8511,76,126.1,mps,2.12.0,False,True,1,mps,track_c0_20260817T014543Z,4e1680d0e63b6c10eb7ef77a367753ed7cb36131,aaron-mac.local,scripts/run_track_c0.py --device mps --tag track_c0_20260817T014543Z --resume,"{'shared_core_params': 164481, 'adapter_params_per_task': 640, 'adapter_params_all_tasks': 2560, 'n_tasks': 4, 'adapter_pct_of_core_per_task': 0.3891, 'adapter_pct_of_core_all_tasks': 1.5564}",can,main,c0_screening
sp_nav_eq,2,1,4,esca,1,0.9375,0.9333,0.0,4.647,0.6123,0.9911,0.0028,0.8679,15,190.6,mps,2.12.0,False,True,1,mps,track_c0_20260817T014543Z,4e1680d0e63b6c10eb7ef77a367753ed7cb36131,aaron-mac.local,scripts/run_track_c0.py --device mps --tag track_c0_20260817T014543Z --resume,"{'shared_core_params': 164481, 'adapter_params_per_task': 640, 'adapter_params_all_tasks': 2560, 'n_tasks': 4, 'adapter_pct_of_core_per_task': 0.3891, 'adapter_pct_of_core_all_tasks': 1.5564}",can,main,c0_screening
sp_nav_eq,2,1,4,lung,2,0.8259,0.8211,0.2632,3.0355,-0.1578,0.7579,0.1388,0.7639,95,191.2,mps,2.12.0,False,True,1,mps,track_c0_20260817T014543Z,4e1680d0e63b6c10eb7ef77a367753ed7cb36131,aaron-mac.local,scripts/run_track_c0.py --device mps --tag track_c0_20260817T014543Z --resume,"{'shared_core_params': 164481, 'adapter_params_per_task': 640, 'adapter_params_all_tasks': 2560, 'n_tasks': 4, 'adapter_pct_of_core_per_task': 0.3891, 'adapter_pct_of_core_all_tasks': 1.5564}",can,main,c0_screening
sp_nav_eq,2,1,4,rcc,3,0.9528,0.9605,0.0789,1.1748,0.8858,0.9135,0.0397,0.8511,76,191.6,mps,2.12.0,False,True,1,mps,track_c0_20260817T014543Z,4e1680d0e63b6c10eb7ef77a367753ed7cb36131,aaron-mac.local,scripts/run_track_c0.py --device mps --tag track_c0_20260817T014543Z --resume,"{'shared_core_params': 164481, 'adapter_params_per_task': 640, 'adapter_params_all_tasks': 2560, 'n_tasks': 4, 'adapter_pct_of_core_per_task': 0.3891, 'adapter_pct_of_core_all_tasks': 1.5564}",can,main,c0_screening
sp_nav_eq,2,1,4,brca,4,0.7098,0.8495,1.0,-0.0,0.1863,0.6625,0.1272,0.6575,93,192.1,mps,2.12.0,False,True,1,mps,track_c0_20260817T014543Z,4e1680d0e63b6c10eb7ef77a367753ed7cb36131,aaron-mac.local,scripts/run_track_c0.py --device mps --tag track_c0_20260817T014543Z --resume,"{'shared_core_params': 164481, 'adapter_params_per_task': 640, 'adapter_params_all_tasks': 2560, 'n_tasks': 4, 'adapter_pct_of_core_per_task': 0.3891, 'adapter_pct_of_core_all_tasks': 1.5564}",can,main,c0_screening
sp_nav_eq,2,2,1,esca,1,0.9375,0.9333,1.0,-0.0,0.2548,0.7472,0.1058,0.8393,15,11.5,mps,2.12.0,False,True,1,mps,track_c0_20260817T014543Z,4e1680d0e63b6c10eb7ef77a367753ed7cb36131,aaron-mac.local,scripts/run_track_c0.py --device mps --tag track_c0_20260817T014543Z --resume,"{'shared_core_params': 164481, 'adapter_params_per_task': 640, 'adapter_params_all_tasks': 2560, 'n_tasks': 4, 'adapter_pct_of_core_per_task': 0.3891, 'adapter_pct_of_core_all_tasks': 1.5564}",can,main,c0_screening
sp_nav_eq,2,2,2,esca,1,0.9375,0.9333,0.2444,5.5497,0.261,0.945,0.0303,0.8393,15,133.6,mps,2.12.0,False,True,1,mps,track_c0_20260817T014543Z,4e1680d0e63b6c10eb7ef77a367753ed7cb36131,aaron-mac.local,scripts/run_track_c0.py --device mps --tag track_c0_20260817T014543Z --resume,"{'shared_core_params': 164481, 'adapter_params_per_task': 640, 'adapter_params_all_tasks': 2560, 'n_tasks': 4, 'adapter_pct_of_core_per_task': 0.3891, 'adapter_pct_of_core_all_tasks': 1.5564}",can,main,c0_screening
sp_nav_eq,2,2,2,lung,2,0.8776,0.8737,1.0,0.0,-0.0064,0.648,0.1334,0.7886,95,134.6,mps,2.12.0,False,True,1,mps,track_c0_20260817T014543Z,4e1680d0e63b6c10eb7ef77a367753ed7cb36131,aaron-mac.local,scripts/run_track_c0.py --device mps --tag track_c0_20260817T014543Z --resume,"{'shared_core_params': 164481, 'adapter_params_per_task': 640, 'adapter_params_all_tasks': 2560, 'n_tasks': 4, 'adapter_pct_of_core_per_task': 0.3891, 'adapter_pct_of_core_all_tasks': 1.5564}",can,main,c0_screening
sp_nav_eq,2,2,3,esca,1,0.9375,0.9333,0.2444,11.5255,0.261,0.9871,0.0107,0.8393,15,231.9,mps,2.12.0,False,True,1,mps,track_c0_20260817T014543Z,4e1680d0e63b6c10eb7ef77a367753ed7cb36131,aaron-mac.local,scripts/run_track_c0.py --device mps --tag track_c0_20260817T014543Z --resume,"{'shared_core_params': 164481, 'adapter_params_per_task': 640, 'adapter_params_all_tasks': 2560, 'n_tasks': 4, 'adapter_pct_of_core_per_task': 0.3891, 'adapter_pct_of_core_all_tasks': 1.5564}",can,main,c0_screening
sp_nav_eq,2,2,3,lung,2,0.8673,0.8632,0.0842,5.3935,-0.0544,0.8075,0.112,0.7886,95,233.2,mps,2.12.0,False,True,1,mps,track_c0_20260817T014543Z,4e1680d0e63b6c10eb7ef77a367753ed7cb36131,aaron-mac.local,scripts/run_track_c0.py --device mps --tag track_c0_20260817T014543Z --resume,"{'shared_core_params': 164481, 'adapter_params_per_task': 640, 'adapter_params_all_tasks': 2560, 'n_tasks': 4, 'adapter_pct_of_core_per_task': 0.3891, 'adapter_pct_of_core_all_tasks': 1.5564}",can,main,c0_screening
sp_nav_eq,2,2,3,rcc,3,0.9611,0.9605,1.0,-0.0,0.3972,0.7878,0.0823,0.9083,76,234.0,mps,2.12.0,False,True,1,mps,track_c0_20260817T014543Z,4e1680d0e63b6c10eb7ef77a367753ed7cb36131,aaron-mac.local,scripts/run_track_c0.py --device mps --tag track_c0_20260817T014543Z --resume,"{'shared_core_params': 164481, 'adapter_params_per_task': 640, 'adapter_params_all_tasks': 2560, 'n_tasks': 4, 'adapter_pct_of_core_per_task': 0.3891, 'adapter_pct_of_core_all_tasks': 1.5564}",can,main,c0_screening
sp_nav_eq,2,2,4,esca,1,0.9375,0.9333,0.2222,11.1011,0.2611,0.9785,0.0149,0.8393,15,353.3,mps,2.12.0,False,True,1,mps,track_c0_20260817T014543Z,4e1680d0e63b6c10eb7ef77a367753ed7cb36131,aaron-mac.local,scripts/run_track_c0.py --device mps --tag track_c0_20260817T014543Z --resume,"{'shared_core_params': 164481, 'adapter_params_per_task': 640, 'adapter_params_all_tasks': 2560, 'n_tasks': 4, 'adapter_pct_of_core_per_task': 0.3891, 'adapter_pct_of_core_all_tasks': 1.5564}",can,main,c0_screening
sp_nav_eq,2,2,4,lung,2,0.8571,0.8526,0.1298,4.7157,-0.0972,0.7985,0.1312,0.7886,95,354.5,mps,2.12.0,False,True,1,mps,track_c0_20260817T014543Z,4e1680d0e63b6c10eb7ef77a367753ed7cb36131,aaron-mac.local,scripts/run_track_c0.py --device mps --tag track_c0_20260817T014543Z --resume,"{'shared_core_params': 164481, 'adapter_params_per_task': 640, 'adapter_params_all_tasks': 2560, 'n_tasks': 4, 'adapter_pct_of_core_per_task': 0.3891, 'adapter_pct_of_core_all_tasks': 1.5564}",can,main,c0_screening
sp_nav_eq,2,2,4,rcc,3,0.9611,0.9605,0.0921,1.9688,0.3743,0.933,0.0281,0.9083,76,355.3,mps,2.12.0,False,True,1,mps,track_c0_20260817T014543Z,4e1680d0e63b6c10eb7ef77a367753ed7cb36131,aaron-mac.local,scripts/run_track_c0.py --device mps --tag track_c0_20260817T014543Z --resume,"{'shared_core_params': 164481, 'adapter_params_per_task': 640, 'adapter_params_all_tasks': 2560, 'n_tasks': 4, 'adapter_pct_of_core_per_task': 0.3891, 'adapter_pct_of_core_all_tasks': 1.5564}",can,main,c0_screening
sp_nav_eq,2,2,4,brca,4,0.782,0.871,1.0,-0.0,-0.0024,0.6392,0.1214,0.7351,93,356.4,mps,2.12.0,False,True,1,mps,track_c0_20260817T014543Z,4e1680d0e63b6c10eb7ef77a367753ed7cb36131,aaron-mac.local,scripts/run_track_c0.py --device mps --tag track_c0_20260817T014543Z --resume,"{'shared_core_params': 164481, 'adapter_params_per_task': 640, 'adapter_params_all_tasks': 2560, 'n_tasks': 4, 'adapter_pct_of_core_per_task': 0.3891, 'adapter_pct_of_core_all_tasks': 1.5564}",can,main,c0_screening
