method,seed,K,stage,task,task_idx,bal_acc,acc,jaccard,action_kl,sel_utility,eps_optimal_mass,normalized_regret,random_ref,n_test,wall_s,requested,torch_version,cuda_available,mps_available,mps_fallback,resolved_device,run_tag,git_commit,hostname,command,dataset,order,gate_v2_role
eq_pres,3,1,1,esca,1,0.9375,0.9333,1.0,0.0,0.0048,0.718,0.1102,0.9071,15,7.0,mps,2.12.0,False,True,1,mps,gate_v2_20260816T073200Z,22500ef30e3a100321e0aafc68c7babd548de254,aaron-mac.local,scripts/run_gate_v2.py --device mps --tag gate_v2_20260816T073200Z --resume,can,main,candidate_new
eq_pres,3,1,2,esca,1,1.0,1.0,0.1333,0.1917,0.6593,0.8157,0.0789,0.9071,15,71.9,mps,2.12.0,False,True,1,mps,gate_v2_20260816T073200Z,22500ef30e3a100321e0aafc68c7babd548de254,aaron-mac.local,scripts/run_gate_v2.py --device mps --tag gate_v2_20260816T073200Z --resume,can,main,candidate_new
eq_pres,3,1,2,lung,2,0.8756,0.8737,1.0,-0.0,-0.0432,0.7059,0.1249,0.7535,95,72.5,mps,2.12.0,False,True,1,mps,gate_v2_20260816T073200Z,22500ef30e3a100321e0aafc68c7babd548de254,aaron-mac.local,scripts/run_gate_v2.py --device mps --tag gate_v2_20260816T073200Z --resume,can,main,candidate_new
eq_pres,3,1,3,esca,1,1.0,1.0,0.2,0.5579,0.6604,0.8595,0.0721,0.9071,15,125.5,mps,2.12.0,False,True,1,mps,gate_v2_20260816T073200Z,22500ef30e3a100321e0aafc68c7babd548de254,aaron-mac.local,scripts/run_gate_v2.py --device mps --tag gate_v2_20260816T073200Z --resume,can,main,candidate_new
eq_pres,3,1,3,lung,2,0.8361,0.8316,0.2105,0.1589,-0.099,0.722,0.139,0.7535,95,126.1,mps,2.12.0,False,True,1,mps,gate_v2_20260816T073200Z,22500ef30e3a100321e0aafc68c7babd548de254,aaron-mac.local,scripts/run_gate_v2.py --device mps --tag gate_v2_20260816T073200Z --resume,can,main,candidate_new
eq_pres,3,1,3,rcc,3,0.9324,0.9342,1.0,0.0,0.8326,0.8047,0.0719,0.8533,76,126.6,mps,2.12.0,False,True,1,mps,gate_v2_20260816T073200Z,22500ef30e3a100321e0aafc68c7babd548de254,aaron-mac.local,scripts/run_gate_v2.py --device mps --tag gate_v2_20260816T073200Z --resume,can,main,candidate_new
eq_pres,3,1,4,esca,1,1.0,1.0,0.1333,0.2927,0.6611,0.8307,0.0657,0.9071,15,190.6,mps,2.12.0,False,True,1,mps,gate_v2_20260816T073200Z,22500ef30e3a100321e0aafc68c7babd548de254,aaron-mac.local,scripts/run_gate_v2.py --device mps --tag gate_v2_20260816T073200Z --resume,can,main,candidate_new
eq_pres,3,1,4,lung,2,0.8565,0.8526,0.2737,0.1464,-0.0507,0.7362,0.1229,0.7535,95,191.1,mps,2.12.0,False,True,1,mps,gate_v2_20260816T073200Z,22500ef30e3a100321e0aafc68c7babd548de254,aaron-mac.local,scripts/run_gate_v2.py --device mps --tag gate_v2_20260816T073200Z --resume,can,main,candidate_new
eq_pres,3,1,4,rcc,3,0.9592,0.9474,0.2237,0.072,0.8534,0.8304,0.0633,0.8533,76,191.8,mps,2.12.0,False,True,1,mps,gate_v2_20260816T073200Z,22500ef30e3a100321e0aafc68c7babd548de254,aaron-mac.local,scripts/run_gate_v2.py --device mps --tag gate_v2_20260816T073200Z --resume,can,main,candidate_new
eq_pres,3,1,4,brca,4,0.9001,0.9032,1.0,-0.0,0.2913,0.7401,0.0997,0.655,93,192.4,mps,2.12.0,False,True,1,mps,gate_v2_20260816T073200Z,22500ef30e3a100321e0aafc68c7babd548de254,aaron-mac.local,scripts/run_gate_v2.py --device mps --tag gate_v2_20260816T073200Z --resume,can,main,candidate_new
eq_pres,3,2,1,esca,1,0.9375,0.9333,1.0,0.0,-0.1337,0.7348,0.1115,0.825,15,10.0,mps,2.12.0,False,True,1,mps,gate_v2_20260816T073200Z,22500ef30e3a100321e0aafc68c7babd548de254,aaron-mac.local,scripts/run_gate_v2.py --device mps --tag gate_v2_20260816T073200Z --resume,can,main,candidate_new
eq_pres,3,2,2,esca,1,0.9375,0.9333,0.1556,0.1255,0.0034,0.7849,0.0937,0.825,15,132.1,mps,2.12.0,False,True,1,mps,gate_v2_20260816T073200Z,22500ef30e3a100321e0aafc68c7babd548de254,aaron-mac.local,scripts/run_gate_v2.py --device mps --tag gate_v2_20260816T073200Z --resume,can,main,candidate_new
eq_pres,3,2,2,lung,2,0.8429,0.8421,1.0,-0.0,-0.0157,0.652,0.1312,0.7867,95,133.3,mps,2.12.0,False,True,1,mps,gate_v2_20260816T073200Z,22500ef30e3a100321e0aafc68c7babd548de254,aaron-mac.local,scripts/run_gate_v2.py --device mps --tag gate_v2_20260816T073200Z --resume,can,main,candidate_new
eq_pres,3,2,3,esca,1,0.9375,0.9333,0.1333,0.1443,0.1524,0.7976,0.0868,0.825,15,231.3,mps,2.12.0,False,True,1,mps,gate_v2_20260816T073200Z,22500ef30e3a100321e0aafc68c7babd548de254,aaron-mac.local,scripts/run_gate_v2.py --device mps --tag gate_v2_20260816T073200Z --resume,can,main,candidate_new
eq_pres,3,2,3,lung,2,0.8361,0.8316,0.0947,0.0845,-0.049,0.664,0.1346,0.7867,95,232.4,mps,2.12.0,False,True,1,mps,gate_v2_20260816T073200Z,22500ef30e3a100321e0aafc68c7babd548de254,aaron-mac.local,scripts/run_gate_v2.py --device mps --tag gate_v2_20260816T073200Z --resume,can,main,candidate_new
eq_pres,3,2,3,rcc,3,0.9611,0.9605,1.0,-0.0,0.4147,0.7571,0.0864,0.8825,76,233.3,mps,2.12.0,False,True,1,mps,gate_v2_20260816T073200Z,22500ef30e3a100321e0aafc68c7babd548de254,aaron-mac.local,scripts/run_gate_v2.py --device mps --tag gate_v2_20260816T073200Z --resume,can,main,candidate_new
eq_pres,3,2,4,esca,1,0.9375,0.9333,0.1111,0.0968,0.192,0.7813,0.0905,0.825,15,351.1,mps,2.12.0,False,True,1,mps,gate_v2_20260816T073200Z,22500ef30e3a100321e0aafc68c7babd548de254,aaron-mac.local,scripts/run_gate_v2.py --device mps --tag gate_v2_20260816T073200Z --resume,can,main,candidate_new
eq_pres,3,2,4,lung,2,0.8259,0.8211,0.0842,0.0977,-0.0207,0.6599,0.1352,0.7867,95,352.1,mps,2.12.0,False,True,1,mps,gate_v2_20260816T073200Z,22500ef30e3a100321e0aafc68c7babd548de254,aaron-mac.local,scripts/run_gate_v2.py --device mps --tag gate_v2_20260816T073200Z --resume,can,main,candidate_new
eq_pres,3,2,4,rcc,3,0.9528,0.9605,0.1579,0.0669,0.4093,0.7885,0.0757,0.8825,76,352.8,mps,2.12.0,False,True,1,mps,gate_v2_20260816T073200Z,22500ef30e3a100321e0aafc68c7babd548de254,aaron-mac.local,scripts/run_gate_v2.py --device mps --tag gate_v2_20260816T073200Z --resume,can,main,candidate_new
eq_pres,3,2,4,brca,4,0.9008,0.9355,1.0,-0.0,0.1536,0.6126,0.1326,0.7233,93,353.8,mps,2.12.0,False,True,1,mps,gate_v2_20260816T073200Z,22500ef30e3a100321e0aafc68c7babd548de254,aaron-mac.local,scripts/run_gate_v2.py --device mps --tag gate_v2_20260816T073200Z --resume,can,main,candidate_new
eq_pres,3,4,1,esca,1,0.875,0.8667,1.0,0.0,-0.0883,0.7484,0.1068,0.8839,15,16.5,mps,2.12.0,False,True,1,mps,gate_v2_20260816T073200Z,22500ef30e3a100321e0aafc68c7babd548de254,aaron-mac.local,scripts/run_gate_v2.py --device mps --tag gate_v2_20260816T073200Z --resume,can,main,candidate_new
eq_pres,3,4,2,esca,1,0.875,0.8667,0.2451,0.1087,-0.1423,0.7982,0.0859,0.8839,15,239.3,mps,2.12.0,False,True,1,mps,gate_v2_20260816T073200Z,22500ef30e3a100321e0aafc68c7babd548de254,aaron-mac.local,scripts/run_gate_v2.py --device mps --tag gate_v2_20260816T073200Z --resume,can,main,candidate_new
eq_pres,3,4,2,lung,2,0.8341,0.8316,1.0,0.0,-0.0082,0.6617,0.1206,0.8219,95,241.2,mps,2.12.0,False,True,1,mps,gate_v2_20260816T073200Z,22500ef30e3a100321e0aafc68c7babd548de254,aaron-mac.local,scripts/run_gate_v2.py --device mps --tag gate_v2_20260816T073200Z --resume,can,main,candidate_new
eq_pres,3,4,3,esca,1,0.9375,0.9333,0.1448,0.0955,0.1558,0.7947,0.0895,0.8839,15,450.0,mps,2.12.0,False,True,1,mps,gate_v2_20260816T073200Z,22500ef30e3a100321e0aafc68c7babd548de254,aaron-mac.local,scripts/run_gate_v2.py --device mps --tag gate_v2_20260816T073200Z --resume,can,main,candidate_new
eq_pres,3,4,3,lung,2,0.8041,0.8,0.1499,0.0612,-0.0883,0.6675,0.1209,0.8219,95,452.1,mps,2.12.0,False,True,1,mps,gate_v2_20260816T073200Z,22500ef30e3a100321e0aafc68c7babd548de254,aaron-mac.local,scripts/run_gate_v2.py --device mps --tag gate_v2_20260816T073200Z --resume,can,main,candidate_new
eq_pres,3,4,3,rcc,3,0.9815,0.9868,1.0,-0.0,0.2129,0.7455,0.0928,0.9367,76,454.0,mps,2.12.0,False,True,1,mps,gate_v2_20260816T073200Z,22500ef30e3a100321e0aafc68c7babd548de254,aaron-mac.local,scripts/run_gate_v2.py --device mps --tag gate_v2_20260816T073200Z --resume,can,main,candidate_new
eq_pres,3,4,4,esca,1,0.9375,0.9333,0.1816,0.0825,0.047,0.7877,0.0921,0.8839,15,705.6,mps,2.12.0,False,True,1,mps,gate_v2_20260816T073200Z,22500ef30e3a100321e0aafc68c7babd548de254,aaron-mac.local,scripts/run_gate_v2.py --device mps --tag gate_v2_20260816T073200Z --resume,can,main,candidate_new
eq_pres,3,4,4,lung,2,0.8558,0.8526,0.1697,0.0688,0.0038,0.6692,0.1198,0.8219,95,708.0,mps,2.12.0,False,True,1,mps,gate_v2_20260816T073200Z,22500ef30e3a100321e0aafc68c7babd548de254,aaron-mac.local,scripts/run_gate_v2.py --device mps --tag gate_v2_20260816T073200Z --resume,can,main,candidate_new
eq_pres,3,4,4,rcc,3,0.9713,0.9737,0.1617,0.0199,0.1944,0.755,0.0899,0.9367,76,709.8,mps,2.12.0,False,True,1,mps,gate_v2_20260816T073200Z,22500ef30e3a100321e0aafc68c7babd548de254,aaron-mac.local,scripts/run_gate_v2.py --device mps --tag gate_v2_20260816T073200Z --resume,can,main,candidate_new
eq_pres,3,4,4,brca,4,0.8083,0.8817,1.0,-0.0,0.0368,0.6461,0.1241,0.7381,93,712.1,mps,2.12.0,False,True,1,mps,gate_v2_20260816T073200Z,22500ef30e3a100321e0aafc68c7babd548de254,aaron-mac.local,scripts/run_gate_v2.py --device mps --tag gate_v2_20260816T073200Z --resume,can,main,candidate_new
eq_pres,4,1,1,esca,1,0.9375,0.9333,1.0,0.0,0.0792,0.763,0.1006,0.7982,15,7.8,mps,2.12.0,False,True,1,mps,gate_v2_20260816T073200Z,22500ef30e3a100321e0aafc68c7babd548de254,aaron-mac.local,scripts/run_gate_v2.py --device mps --tag gate_v2_20260816T073200Z --resume,can,main,candidate_new
eq_pres,4,1,2,esca,1,0.9375,0.9333,0.0667,0.1509,0.0761,0.8207,0.085,0.7982,15,84.3,mps,2.12.0,False,True,1,mps,gate_v2_20260816T073200Z,22500ef30e3a100321e0aafc68c7babd548de254,aaron-mac.local,scripts/run_gate_v2.py --device mps --tag gate_v2_20260816T073200Z --resume,can,main,candidate_new
eq_pres,4,1,2,lung,2,0.8558,0.8526,1.0,-0.0,0.0138,0.6835,0.1381,0.7368,95,85.0,mps,2.12.0,False,True,1,mps,gate_v2_20260816T073200Z,22500ef30e3a100321e0aafc68c7babd548de254,aaron-mac.local,scripts/run_gate_v2.py --device mps --tag gate_v2_20260816T073200Z --resume,can,main,candidate_new
eq_pres,4,1,3,esca,1,0.9375,0.9333,0.1333,0.2361,0.2138,0.8413,0.0767,0.7982,15,142.9,mps,2.12.0,False,True,1,mps,gate_v2_20260816T073200Z,22500ef30e3a100321e0aafc68c7babd548de254,aaron-mac.local,scripts/run_gate_v2.py --device mps --tag gate_v2_20260816T073200Z --resume,can,main,candidate_new
eq_pres,4,1,3,lung,2,0.8347,0.8316,0.3368,0.1261,-0.0338,0.7168,0.1382,0.7368,95,143.6,mps,2.12.0,False,True,1,mps,gate_v2_20260816T073200Z,22500ef30e3a100321e0aafc68c7babd548de254,aaron-mac.local,scripts/run_gate_v2.py --device mps --tag gate_v2_20260816T073200Z --resume,can,main,candidate_new
eq_pres,4,1,3,rcc,3,0.9694,0.9605,1.0,-0.0,0.8565,0.8308,0.0647,0.8931,76,144.0,mps,2.12.0,False,True,1,mps,gate_v2_20260816T073200Z,22500ef30e3a100321e0aafc68c7babd548de254,aaron-mac.local,scripts/run_gate_v2.py --device mps --tag gate_v2_20260816T073200Z --resume,can,main,candidate_new
eq_pres,4,1,4,esca,1,1.0,1.0,0.1333,0.1656,0.6617,0.8219,0.081,0.7982,15,212.6,mps,2.12.0,False,True,1,mps,gate_v2_20260816T073200Z,22500ef30e3a100321e0aafc68c7babd548de254,aaron-mac.local,scripts/run_gate_v2.py --device mps --tag gate_v2_20260816T073200Z --resume,can,main,candidate_new
eq_pres,4,1,4,lung,2,0.8565,0.8526,0.2105,0.1478,0.0392,0.7065,0.1406,0.7368,95,213.3,mps,2.12.0,False,True,1,mps,gate_v2_20260816T073200Z,22500ef30e3a100321e0aafc68c7babd548de254,aaron-mac.local,scripts/run_gate_v2.py --device mps --tag gate_v2_20260816T073200Z --resume,can,main,candidate_new
eq_pres,4,1,4,rcc,3,0.9101,0.8947,0.25,0.0542,0.7326,0.8434,0.0601,0.8931,76,213.8,mps,2.12.0,False,True,1,mps,gate_v2_20260816T073200Z,22500ef30e3a100321e0aafc68c7babd548de254,aaron-mac.local,scripts/run_gate_v2.py --device mps --tag gate_v2_20260816T073200Z --resume,can,main,candidate_new
eq_pres,4,1,4,brca,4,0.9271,0.9462,1.0,-0.0,0.4155,0.7227,0.1044,0.6746,93,214.4,mps,2.12.0,False,True,1,mps,gate_v2_20260816T073200Z,22500ef30e3a100321e0aafc68c7babd548de254,aaron-mac.local,scripts/run_gate_v2.py --device mps --tag gate_v2_20260816T073200Z --resume,can,main,candidate_new
eq_pres,4,2,1,esca,1,0.9375,0.9333,1.0,0.0,-0.1368,0.7328,0.1141,0.925,15,15.0,mps,2.12.0,False,True,1,mps,gate_v2_20260816T073200Z,22500ef30e3a100321e0aafc68c7babd548de254,aaron-mac.local,scripts/run_gate_v2.py --device mps --tag gate_v2_20260816T073200Z --resume,can,main,candidate_new
eq_pres,4,2,2,esca,1,1.0,1.0,0.2,0.1205,0.3386,0.7937,0.0942,0.925,15,144.8,mps,2.12.0,False,True,1,mps,gate_v2_20260816T073200Z,22500ef30e3a100321e0aafc68c7babd548de254,aaron-mac.local,scripts/run_gate_v2.py --device mps --tag gate_v2_20260816T073200Z --resume,can,main,candidate_new
eq_pres,4,2,2,lung,2,0.8742,0.8737,1.0,-0.0,-0.0111,0.6354,0.1383,0.8127,95,146.0,mps,2.12.0,False,True,1,mps,gate_v2_20260816T073200Z,22500ef30e3a100321e0aafc68c7babd548de254,aaron-mac.local,scripts/run_gate_v2.py --device mps --tag gate_v2_20260816T073200Z --resume,can,main,candidate_new
eq_pres,4,2,3,esca,1,0.9375,0.9333,0.1778,0.1408,0.2689,0.8044,0.0834,0.925,15,252.7,mps,2.12.0,False,True,1,mps,gate_v2_20260816T073200Z,22500ef30e3a100321e0aafc68c7babd548de254,aaron-mac.local,scripts/run_gate_v2.py --device mps --tag gate_v2_20260816T073200Z --resume,can,main,candidate_new
eq_pres,4,2,3,lung,2,0.8654,0.8632,0.1333,0.0858,0.0068,0.6458,0.1407,0.8127,95,253.9,mps,2.12.0,False,True,1,mps,gate_v2_20260816T073200Z,22500ef30e3a100321e0aafc68c7babd548de254,aaron-mac.local,scripts/run_gate_v2.py --device mps --tag gate_v2_20260816T073200Z --resume,can,main,candidate_new
eq_pres,4,2,3,rcc,3,0.9611,0.9605,1.0,-0.0,0.4005,0.7665,0.085,0.9072,76,254.8,mps,2.12.0,False,True,1,mps,gate_v2_20260816T073200Z,22500ef30e3a100321e0aafc68c7babd548de254,aaron-mac.local,scripts/run_gate_v2.py --device mps --tag gate_v2_20260816T073200Z --resume,can,main,candidate_new
eq_pres,4,2,4,esca,1,1.0,1.0,0.1556,0.1161,0.3317,0.7987,0.0881,0.925,15,383.8,mps,2.12.0,False,True,1,mps,gate_v2_20260816T073200Z,22500ef30e3a100321e0aafc68c7babd548de254,aaron-mac.local,scripts/run_gate_v2.py --device mps --tag gate_v2_20260816T073200Z --resume,can,main,candidate_new
eq_pres,4,2,4,lung,2,0.8769,0.8737,0.1088,0.1101,0.0082,0.6388,0.1428,0.8127,95,384.9,mps,2.12.0,False,True,1,mps,gate_v2_20260816T073200Z,22500ef30e3a100321e0aafc68c7babd548de254,aaron-mac.local,scripts/run_gate_v2.py --device mps --tag gate_v2_20260816T073200Z --resume,can,main,candidate_new
eq_pres,4,2,4,rcc,3,0.9342,0.9474,0.1184,0.0549,0.4163,0.7848,0.0778,0.9072,76,385.8,mps,2.12.0,False,True,1,mps,gate_v2_20260816T073200Z,22500ef30e3a100321e0aafc68c7babd548de254,aaron-mac.local,scripts/run_gate_v2.py --device mps --tag gate_v2_20260816T073200Z --resume,can,main,candidate_new
eq_pres,4,2,4,brca,4,0.7496,0.8817,1.0,-0.0,-0.0167,0.6239,0.1276,0.6981,93,387.0,mps,2.12.0,False,True,1,mps,gate_v2_20260816T073200Z,22500ef30e3a100321e0aafc68c7babd548de254,aaron-mac.local,scripts/run_gate_v2.py --device mps --tag gate_v2_20260816T073200Z --resume,can,main,candidate_new
eq_pres,4,4,1,esca,1,0.8571,0.8667,1.0,-0.0,-0.0415,0.6873,0.1219,0.8732,15,27.5,mps,2.12.0,False,True,1,mps,gate_v2_20260816T073200Z,22500ef30e3a100321e0aafc68c7babd548de254,aaron-mac.local,scripts/run_gate_v2.py --device mps --tag gate_v2_20260816T073200Z --resume,can,main,candidate_new
eq_pres,4,4,2,esca,1,0.8661,0.8667,0.1721,0.097,-0.2163,0.7462,0.0961,0.8732,15,289.0,mps,2.12.0,False,True,1,mps,gate_v2_20260816T073200Z,22500ef30e3a100321e0aafc68c7babd548de254,aaron-mac.local,scripts/run_gate_v2.py --device mps --tag gate_v2_20260816T073200Z --resume,can,main,candidate_new
eq_pres,4,4,2,lung,2,0.8463,0.8421,1.0,-0.0,-0.0794,0.6621,0.1203,0.8401,95,291.3,mps,2.12.0,False,True,1,mps,gate_v2_20260816T073200Z,22500ef30e3a100321e0aafc68c7babd548de254,aaron-mac.local,scripts/run_gate_v2.py --device mps --tag gate_v2_20260816T073200Z --resume,can,main,candidate_new
eq_pres,4,4,3,esca,1,0.8661,0.8667,0.1492,0.1041,-0.0431,0.7446,0.0967,0.8732,15,496.2,mps,2.12.0,False,True,1,mps,gate_v2_20260816T073200Z,22500ef30e3a100321e0aafc68c7babd548de254,aaron-mac.local,scripts/run_gate_v2.py --device mps --tag gate_v2_20260816T073200Z --resume,can,main,candidate_new
eq_pres,4,4,3,lung,2,0.8647,0.8632,0.1716,0.0615,-0.0639,0.6804,0.1142,0.8401,95,498.6,mps,2.12.0,False,True,1,mps,gate_v2_20260816T073200Z,22500ef30e3a100321e0aafc68c7babd548de254,aaron-mac.local,scripts/run_gate_v2.py --device mps --tag gate_v2_20260816T073200Z --resume,can,main,candidate_new
eq_pres,4,4,3,rcc,3,0.9342,0.9474,1.0,-0.0,0.1801,0.7538,0.0899,0.9281,76,500.5,mps,2.12.0,False,True,1,mps,gate_v2_20260816T073200Z,22500ef30e3a100321e0aafc68c7babd548de254,aaron-mac.local,scripts/run_gate_v2.py --device mps --tag gate_v2_20260816T073200Z --resume,can,main,candidate_new
eq_pres,4,4,4,esca,1,0.9375,0.9333,0.1302,0.1349,-0.0033,0.7575,0.0919,0.8732,15,755.1,mps,2.12.0,False,True,1,mps,gate_v2_20260816T073200Z,22500ef30e3a100321e0aafc68c7babd548de254,aaron-mac.local,scripts/run_gate_v2.py --device mps --tag gate_v2_20260816T073200Z --resume,can,main,candidate_new
eq_pres,4,4,4,lung,2,0.8449,0.8421,0.1921,0.1254,-0.1293,0.6928,0.1119,0.8401,95,757.4,mps,2.12.0,False,True,1,mps,gate_v2_20260816T073200Z,22500ef30e3a100321e0aafc68c7babd548de254,aaron-mac.local,scripts/run_gate_v2.py --device mps --tag gate_v2_20260816T073200Z --resume,can,main,candidate_new
eq_pres,4,4,4,rcc,3,0.9342,0.9474,0.1031,0.0225,0.184,0.7666,0.0843,0.9281,76,759.3,mps,2.12.0,False,True,1,mps,gate_v2_20260816T073200Z,22500ef30e3a100321e0aafc68c7babd548de254,aaron-mac.local,scripts/run_gate_v2.py --device mps --tag gate_v2_20260816T073200Z --resume,can,main,candidate_new
eq_pres,4,4,4,brca,4,0.9068,0.914,1.0,-0.0,0.0741,0.6315,0.1235,0.7919,93,761.6,mps,2.12.0,False,True,1,mps,gate_v2_20260816T073200Z,22500ef30e3a100321e0aafc68c7babd548de254,aaron-mac.local,scripts/run_gate_v2.py --device mps --tag gate_v2_20260816T073200Z --resume,can,main,candidate_new
ours_uniform,0,4,1,esca,1,0.875,0.8667,1.0,-0.0,-0.0328,0.7293,0.1137,0.8179,15,28.8,mps,2.12.0,False,True,1,mps,gate_v2_20260816T073200Z,22500ef30e3a100321e0aafc68c7babd548de254,aaron-mac.local,scripts/run_gate_v2.py --device mps --tag gate_v2_20260816T073200Z --resume,can,main,comparator_completion_k4
ours_uniform,0,4,2,esca,1,1.0,1.0,0.1206,0.0065,0.1704,0.7342,0.1119,0.8179,15,295.4,mps,2.12.0,False,True,1,mps,gate_v2_20260816T073200Z,22500ef30e3a100321e0aafc68c7babd548de254,aaron-mac.local,scripts/run_gate_v2.py --device mps --tag gate_v2_20260816T073200Z --resume,can,main,comparator_completion_k4
ours_uniform,0,4,2,lung,2,0.8239,0.8211,1.0,-0.0,-0.0469,0.635,0.13,0.8236,95,297.8,mps,2.12.0,False,True,1,mps,gate_v2_20260816T073200Z,22500ef30e3a100321e0aafc68c7babd548de254,aaron-mac.local,scripts/run_gate_v2.py --device mps --tag gate_v2_20260816T073200Z --resume,can,main,comparator_completion_k4
ours_uniform,0,4,3,esca,1,0.9375,0.9333,0.1079,0.0145,0.1076,0.7371,0.1097,0.8179,15,511.6,mps,2.12.0,False,True,1,mps,gate_v2_20260816T073200Z,22500ef30e3a100321e0aafc68c7babd548de254,aaron-mac.local,scripts/run_gate_v2.py --device mps --tag gate_v2_20260816T073200Z --resume,can,main,comparator_completion_k4
ours_uniform,0,4,3,lung,2,0.8239,0.8211,0.3095,0.0075,-0.0258,0.6373,0.1301,0.8236,95,513.8,mps,2.12.0,False,True,1,mps,gate_v2_20260816T073200Z,22500ef30e3a100321e0aafc68c7babd548de254,aaron-mac.local,scripts/run_gate_v2.py --device mps --tag gate_v2_20260816T073200Z --resume,can,main,comparator_completion_k4
ours_uniform,0,4,3,rcc,3,0.9426,0.9474,1.0,-0.0,0.1736,0.7631,0.089,0.9355,76,515.5,mps,2.12.0,False,True,1,mps,gate_v2_20260816T073200Z,22500ef30e3a100321e0aafc68c7babd548de254,aaron-mac.local,scripts/run_gate_v2.py --device mps --tag gate_v2_20260816T073200Z --resume,can,main,comparator_completion_k4
ours_uniform,0,4,4,esca,1,1.0,1.0,0.0921,0.0135,0.1641,0.7339,0.1129,0.8179,15,775.7,mps,2.12.0,False,True,1,mps,gate_v2_20260816T073200Z,22500ef30e3a100321e0aafc68c7babd548de254,aaron-mac.local,scripts/run_gate_v2.py --device mps --tag gate_v2_20260816T073200Z --resume,can,main,comparator_completion_k4
ours_uniform,0,4,4,lung,2,0.8225,0.8211,0.1354,0.0128,-0.0109,0.6337,0.1311,0.8236,95,777.9,mps,2.12.0,False,True,1,mps,gate_v2_20260816T073200Z,22500ef30e3a100321e0aafc68c7babd548de254,aaron-mac.local,scripts/run_gate_v2.py --device mps --tag gate_v2_20260816T073200Z --resume,can,main,comparator_completion_k4
ours_uniform,0,4,4,rcc,3,0.9055,0.9211,0.1305,0.0054,0.1289,0.7634,0.0889,0.9355,76,779.8,mps,2.12.0,False,True,1,mps,gate_v2_20260816T073200Z,22500ef30e3a100321e0aafc68c7babd548de254,aaron-mac.local,scripts/run_gate_v2.py --device mps --tag gate_v2_20260816T073200Z --resume,can,main,comparator_completion_k4
ours_uniform,0,4,4,brca,4,0.8151,0.8925,1.0,-0.0,0.0619,0.6173,0.1262,0.705,93,782.1,mps,2.12.0,False,True,1,mps,gate_v2_20260816T073200Z,22500ef30e3a100321e0aafc68c7babd548de254,aaron-mac.local,scripts/run_gate_v2.py --device mps --tag gate_v2_20260816T073200Z --resume,can,main,comparator_completion_k4
ours_uniform,1,4,1,esca,1,0.9375,0.9333,1.0,-0.0,-0.0838,0.6444,0.1442,0.8857,15,27.3,mps,2.12.0,False,True,1,mps,gate_v2_20260816T073200Z,22500ef30e3a100321e0aafc68c7babd548de254,aaron-mac.local,scripts/run_gate_v2.py --device mps --tag gate_v2_20260816T073200Z --resume,can,main,comparator_completion_k4
ours_uniform,1,4,2,esca,1,0.8661,0.8667,0.1302,0.0049,-0.1431,0.6497,0.1419,0.8857,15,293.6,mps,2.12.0,False,True,1,mps,gate_v2_20260816T073200Z,22500ef30e3a100321e0aafc68c7babd548de254,aaron-mac.local,scripts/run_gate_v2.py --device mps --tag gate_v2_20260816T073200Z --resume,can,main,comparator_completion_k4
ours_uniform,1,4,2,lung,2,0.8538,0.8526,1.0,-0.0,0.0376,0.6159,0.1315,0.8484,95,295.8,mps,2.12.0,False,True,1,mps,gate_v2_20260816T073200Z,22500ef30e3a100321e0aafc68c7babd548de254,aaron-mac.local,scripts/run_gate_v2.py --device mps --tag gate_v2_20260816T073200Z --resume,can,main,comparator_completion_k4
ours_uniform,1,4,3,esca,1,0.9375,0.9333,0.1238,0.011,-0.0827,0.6521,0.1416,0.8857,15,505.3,mps,2.12.0,False,True,1,mps,gate_v2_20260816T073200Z,22500ef30e3a100321e0aafc68c7babd548de254,aaron-mac.local,scripts/run_gate_v2.py --device mps --tag gate_v2_20260816T073200Z --resume,can,main,comparator_completion_k4
ours_uniform,1,4,3,lung,2,0.8531,0.8526,0.1219,0.0075,0.0313,0.6162,0.1328,0.8484,95,507.8,mps,2.12.0,False,True,1,mps,gate_v2_20260816T073200Z,22500ef30e3a100321e0aafc68c7babd548de254,aaron-mac.local,scripts/run_gate_v2.py --device mps --tag gate_v2_20260816T073200Z --resume,can,main,comparator_completion_k4
ours_uniform,1,4,3,rcc,3,0.9611,0.9605,1.0,0.0,0.2264,0.7404,0.0955,0.9261,76,509.7,mps,2.12.0,False,True,1,mps,gate_v2_20260816T073200Z,22500ef30e3a100321e0aafc68c7babd548de254,aaron-mac.local,scripts/run_gate_v2.py --device mps --tag gate_v2_20260816T073200Z --resume,can,main,comparator_completion_k4
ours_uniform,1,4,4,esca,1,0.875,0.8667,0.1079,0.013,-0.0643,0.6557,0.1396,0.8857,15,778.7,mps,2.12.0,False,True,1,mps,gate_v2_20260816T073200Z,22500ef30e3a100321e0aafc68c7babd548de254,aaron-mac.local,scripts/run_gate_v2.py --device mps --tag gate_v2_20260816T073200Z --resume,can,main,comparator_completion_k4
ours_uniform,1,4,4,lung,2,0.8654,0.8632,0.1119,0.0155,0.0176,0.6195,0.1328,0.8484,95,780.8,mps,2.12.0,False,True,1,mps,gate_v2_20260816T073200Z,22500ef30e3a100321e0aafc68c7babd548de254,aaron-mac.local,scripts/run_gate_v2.py --device mps --tag gate_v2_20260816T073200Z --resume,can,main,comparator_completion_k4
ours_uniform,1,4,4,rcc,3,0.9713,0.9737,0.114,0.0062,0.2032,0.7474,0.0926,0.9261,76,782.5,mps,2.12.0,False,True,1,mps,gate_v2_20260816T073200Z,22500ef30e3a100321e0aafc68c7babd548de254,aaron-mac.local,scripts/run_gate_v2.py --device mps --tag gate_v2_20260816T073200Z --resume,can,main,comparator_completion_k4
ours_uniform,1,4,4,brca,4,0.9136,0.9247,1.0,-0.0,0.0983,0.5992,0.1334,0.7939,93,784.6,mps,2.12.0,False,True,1,mps,gate_v2_20260816T073200Z,22500ef30e3a100321e0aafc68c7babd548de254,aaron-mac.local,scripts/run_gate_v2.py --device mps --tag gate_v2_20260816T073200Z --resume,can,main,comparator_completion_k4
ours_uniform,2,4,1,esca,1,0.9375,0.9333,1.0,-0.0,0.1525,0.7539,0.1017,0.8714,15,27.0,mps,2.12.0,False,True,1,mps,gate_v2_20260816T073200Z,22500ef30e3a100321e0aafc68c7babd548de254,aaron-mac.local,scripts/run_gate_v2.py --device mps --tag gate_v2_20260816T073200Z --resume,can,main,comparator_completion_k4
ours_uniform,2,4,2,esca,1,0.9375,0.9333,0.0857,0.0079,-0.1294,0.7558,0.1021,0.8714,15,297.4,mps,2.12.0,False,True,1,mps,gate_v2_20260816T073200Z,22500ef30e3a100321e0aafc68c7babd548de254,aaron-mac.local,scripts/run_gate_v2.py --device mps --tag gate_v2_20260816T073200Z --resume,can,main,comparator_completion_k4
ours_uniform,2,4,2,lung,2,0.8953,0.8947,1.0,-0.0,0.0792,0.6542,0.1226,0.8266,95,299.8,mps,2.12.0,False,True,1,mps,gate_v2_20260816T073200Z,22500ef30e3a100321e0aafc68c7babd548de254,aaron-mac.local,scripts/run_gate_v2.py --device mps --tag gate_v2_20260816T073200Z --resume,can,main,comparator_completion_k4
ours_uniform,2,4,3,esca,1,0.9375,0.9333,0.073,0.0125,-0.1221,0.7569,0.1019,0.8714,15,509.4,mps,2.12.0,False,True,1,mps,gate_v2_20260816T073200Z,22500ef30e3a100321e0aafc68c7babd548de254,aaron-mac.local,scripts/run_gate_v2.py --device mps --tag gate_v2_20260816T073200Z --resume,can,main,comparator_completion_k4
ours_uniform,2,4,3,lung,2,0.8456,0.8421,0.0955,0.0073,-0.0766,0.6503,0.1248,0.8266,95,511.6,mps,2.12.0,False,True,1,mps,gate_v2_20260816T073200Z,22500ef30e3a100321e0aafc68c7babd548de254,aaron-mac.local,scripts/run_gate_v2.py --device mps --tag gate_v2_20260816T073200Z --resume,can,main,comparator_completion_k4
ours_uniform,2,4,3,rcc,3,0.9528,0.9605,1.0,-0.0,0.194,0.7731,0.0891,0.9029,76,513.5,mps,2.12.0,False,True,1,mps,gate_v2_20260816T073200Z,22500ef30e3a100321e0aafc68c7babd548de254,aaron-mac.local,scripts/run_gate_v2.py --device mps --tag gate_v2_20260816T073200Z --resume,can,main,comparator_completion_k4
ours_uniform,2,4,4,esca,1,0.875,0.8667,0.0794,0.0195,-0.0659,0.7579,0.1004,0.8714,15,773.9,mps,2.12.0,False,True,1,mps,gate_v2_20260816T073200Z,22500ef30e3a100321e0aafc68c7babd548de254,aaron-mac.local,scripts/run_gate_v2.py --device mps --tag gate_v2_20260816T073200Z --resume,can,main,comparator_completion_k4
ours_uniform,2,4,4,lung,2,0.8456,0.8421,0.0965,0.0141,-0.0726,0.6508,0.1255,0.8266,95,776.3,mps,2.12.0,False,True,1,mps,gate_v2_20260816T073200Z,22500ef30e3a100321e0aafc68c7babd548de254,aaron-mac.local,scripts/run_gate_v2.py --device mps --tag gate_v2_20260816T073200Z --resume,can,main,comparator_completion_k4
ours_uniform,2,4,4,rcc,3,0.9611,0.9605,0.1617,0.0062,0.175,0.7794,0.0861,0.9029,76,778.1,mps,2.12.0,False,True,1,mps,gate_v2_20260816T073200Z,22500ef30e3a100321e0aafc68c7babd548de254,aaron-mac.local,scripts/run_gate_v2.py --device mps --tag gate_v2_20260816T073200Z --resume,can,main,comparator_completion_k4
ours_uniform,2,4,4,brca,4,0.8745,0.9247,1.0,-0.0,0.103,0.6255,0.1289,0.8358,93,780.5,mps,2.12.0,False,True,1,mps,gate_v2_20260816T073200Z,22500ef30e3a100321e0aafc68c7babd548de254,aaron-mac.local,scripts/run_gate_v2.py --device mps --tag gate_v2_20260816T073200Z --resume,can,main,comparator_completion_k4
ours_uniform,3,4,1,esca,1,0.875,0.8667,1.0,0.0,-0.0883,0.7484,0.1068,0.8839,15,28.1,mps,2.12.0,False,True,1,mps,gate_v2_20260816T073200Z,22500ef30e3a100321e0aafc68c7babd548de254,aaron-mac.local,scripts/run_gate_v2.py --device mps --tag gate_v2_20260816T073200Z --resume,can,main,comparator_completion_k4
ours_uniform,3,4,2,esca,1,0.875,0.8667,0.2717,0.0097,-0.0823,0.7501,0.1087,0.8839,15,297.5,mps,2.12.0,False,True,1,mps,gate_v2_20260816T073200Z,22500ef30e3a100321e0aafc68c7babd548de254,aaron-mac.local,scripts/run_gate_v2.py --device mps --tag gate_v2_20260816T073200Z --resume,can,main,comparator_completion_k4
ours_uniform,3,4,2,lung,2,0.8456,0.8421,1.0,-0.0,0.0055,0.6602,0.1212,0.8219,95,299.8,mps,2.12.0,False,True,1,mps,gate_v2_20260816T073200Z,22500ef30e3a100321e0aafc68c7babd548de254,aaron-mac.local,scripts/run_gate_v2.py --device mps --tag gate_v2_20260816T073200Z --resume,can,main,comparator_completion_k4
ours_uniform,3,4,3,esca,1,0.9375,0.9333,0.2705,0.0157,-0.0035,0.7519,0.1086,0.8839,15,509.0,mps,2.12.0,False,True,1,mps,gate_v2_20260816T073200Z,22500ef30e3a100321e0aafc68c7babd548de254,aaron-mac.local,scripts/run_gate_v2.py --device mps --tag gate_v2_20260816T073200Z --resume,can,main,comparator_completion_k4
ours_uniform,3,4,3,lung,2,0.8449,0.8421,0.2131,0.0095,-0.0155,0.6591,0.1225,0.8219,95,511.1,mps,2.12.0,False,True,1,mps,gate_v2_20260816T073200Z,22500ef30e3a100321e0aafc68c7babd548de254,aaron-mac.local,scripts/run_gate_v2.py --device mps --tag gate_v2_20260816T073200Z --resume,can,main,comparator_completion_k4
ours_uniform,3,4,3,rcc,3,0.9713,0.9737,1.0,-0.0,0.2121,0.7428,0.0939,0.9367,76,512.8,mps,2.12.0,False,True,1,mps,gate_v2_20260816T073200Z,22500ef30e3a100321e0aafc68c7babd548de254,aaron-mac.local,scripts/run_gate_v2.py --device mps --tag gate_v2_20260816T073200Z --resume,can,main,comparator_completion_k4
ours_uniform,3,4,4,esca,1,0.875,0.8667,0.1511,0.0113,-0.0684,0.751,0.1078,0.8839,15,772.8,mps,2.12.0,False,True,1,mps,gate_v2_20260816T073200Z,22500ef30e3a100321e0aafc68c7babd548de254,aaron-mac.local,scripts/run_gate_v2.py --device mps --tag gate_v2_20260816T073200Z --resume,can,main,comparator_completion_k4
ours_uniform,3,4,4,lung,2,0.8239,0.8211,0.1184,0.0204,0.0101,0.6596,0.1221,0.8219,95,775.0,mps,2.12.0,False,True,1,mps,gate_v2_20260816T073200Z,22500ef30e3a100321e0aafc68c7babd548de254,aaron-mac.local,scripts/run_gate_v2.py --device mps --tag gate_v2_20260816T073200Z --resume,can,main,comparator_completion_k4
ours_uniform,3,4,4,rcc,3,0.9713,0.9737,0.2312,0.0075,0.1953,0.7536,0.0897,0.9367,76,776.7,mps,2.12.0,False,True,1,mps,gate_v2_20260816T073200Z,22500ef30e3a100321e0aafc68c7babd548de254,aaron-mac.local,scripts/run_gate_v2.py --device mps --tag gate_v2_20260816T073200Z --resume,can,main,comparator_completion_k4
ours_uniform,3,4,4,brca,4,0.8873,0.914,1.0,-0.0,0.0606,0.6453,0.1241,0.7381,93,778.7,mps,2.12.0,False,True,1,mps,gate_v2_20260816T073200Z,22500ef30e3a100321e0aafc68c7babd548de254,aaron-mac.local,scripts/run_gate_v2.py --device mps --tag gate_v2_20260816T073200Z --resume,can,main,comparator_completion_k4
ours_uniform,4,4,1,esca,1,0.8571,0.8667,1.0,-0.0,-0.0415,0.6873,0.1219,0.8732,15,27.1,mps,2.12.0,False,True,1,mps,gate_v2_20260816T073200Z,22500ef30e3a100321e0aafc68c7babd548de254,aaron-mac.local,scripts/run_gate_v2.py --device mps --tag gate_v2_20260816T073200Z --resume,can,main,comparator_completion_k4
ours_uniform,4,4,2,esca,1,0.7946,0.8,0.1619,0.0083,-0.0384,0.6927,0.1205,0.8732,15,299.6,mps,2.12.0,False,True,1,mps,gate_v2_20260816T073200Z,22500ef30e3a100321e0aafc68c7babd548de254,aaron-mac.local,scripts/run_gate_v2.py --device mps --tag gate_v2_20260816T073200Z --resume,can,main,comparator_completion_k4
ours_uniform,4,4,2,lung,2,0.8756,0.8737,1.0,-0.0,0.0232,0.6616,0.1209,0.8401,95,301.7,mps,2.12.0,False,True,1,mps,gate_v2_20260816T073200Z,22500ef30e3a100321e0aafc68c7babd548de254,aaron-mac.local,scripts/run_gate_v2.py --device mps --tag gate_v2_20260816T073200Z --resume,can,main,comparator_completion_k4
ours_uniform,4,4,3,esca,1,0.9375,0.9333,0.1079,0.014,-0.0075,0.6929,0.1212,0.8732,15,479.6,mps,2.12.0,False,True,1,mps,gate_v2_20260816T073200Z,22500ef30e3a100321e0aafc68c7babd548de254,aaron-mac.local,scripts/run_gate_v2.py --device mps --tag gate_v2_20260816T073200Z --resume,can,main,comparator_completion_k4
ours_uniform,4,4,3,lung,2,0.8538,0.8526,0.1348,0.0055,-0.0149,0.6643,0.1202,0.8401,95,481.5,mps,2.12.0,False,True,1,mps,gate_v2_20260816T073200Z,22500ef30e3a100321e0aafc68c7babd548de254,aaron-mac.local,scripts/run_gate_v2.py --device mps --tag gate_v2_20260816T073200Z --resume,can,main,comparator_completion_k4
ours_uniform,4,4,3,rcc,3,0.9528,0.9605,1.0,-0.0,0.1976,0.7528,0.0903,0.9281,76,483.1,mps,2.12.0,False,True,1,mps,gate_v2_20260816T073200Z,22500ef30e3a100321e0aafc68c7babd548de254,aaron-mac.local,scripts/run_gate_v2.py --device mps --tag gate_v2_20260816T073200Z --resume,can,main,comparator_completion_k4
ours_uniform,4,4,4,esca,1,0.8661,0.8667,0.167,0.0157,-0.1302,0.6921,0.1206,0.8732,15,693.5,mps,2.12.0,False,True,1,mps,gate_v2_20260816T073200Z,22500ef30e3a100321e0aafc68c7babd548de254,aaron-mac.local,scripts/run_gate_v2.py --device mps --tag gate_v2_20260816T073200Z --resume,can,main,comparator_completion_k4
ours_uniform,4,4,4,lung,2,0.8558,0.8526,0.145,0.0132,-0.0661,0.6657,0.1206,0.8401,95,695.5,mps,2.12.0,False,True,1,mps,gate_v2_20260816T073200Z,22500ef30e3a100321e0aafc68c7babd548de254,aaron-mac.local,scripts/run_gate_v2.py --device mps --tag gate_v2_20260816T073200Z --resume,can,main,comparator_completion_k4
ours_uniform,4,4,4,rcc,3,0.924,0.9342,0.1558,0.0048,0.197,0.7574,0.0881,0.9281,76,697.1,mps,2.12.0,False,True,1,mps,gate_v2_20260816T073200Z,22500ef30e3a100321e0aafc68c7babd548de254,aaron-mac.local,scripts/run_gate_v2.py --device mps --tag gate_v2_20260816T073200Z --resume,can,main,comparator_completion_k4
ours_uniform,4,4,4,brca,4,0.8873,0.914,1.0,-0.0,0.0612,0.6338,0.1228,0.7919,93,699.0,mps,2.12.0,False,True,1,mps,gate_v2_20260816T073200Z,22500ef30e3a100321e0aafc68c7babd548de254,aaron-mac.local,scripts/run_gate_v2.py --device mps --tag gate_v2_20260816T073200Z --resume,can,main,comparator_completion_k4
distill,3,1,1,esca,1,0.9375,0.9333,1.0,0.0,0.0048,0.718,0.1102,0.9071,15,5.4,mps,2.12.0,False,True,1,mps,gate_v2_20260816T073200Z,22500ef30e3a100321e0aafc68c7babd548de254,aaron-mac.local,scripts/run_gate_v2.py --device mps --tag gate_v2_20260816T073200Z --resume,can,main,utility_backfill_seeds34
distill,3,1,2,esca,1,0.9286,0.9333,0.1333,0.0433,0.6101,0.6905,0.1139,0.9071,15,59.8,mps,2.12.0,False,True,1,mps,gate_v2_20260816T073200Z,22500ef30e3a100321e0aafc68c7babd548de254,aaron-mac.local,scripts/run_gate_v2.py --device mps --tag gate_v2_20260816T073200Z --resume,can,main,utility_backfill_seeds34
distill,3,1,2,lung,2,0.8654,0.8632,1.0,-0.0,-0.1352,0.6805,0.1348,0.7535,95,60.3,mps,2.12.0,False,True,1,mps,gate_v2_20260816T073200Z,22500ef30e3a100321e0aafc68c7babd548de254,aaron-mac.local,scripts/run_gate_v2.py --device mps --tag gate_v2_20260816T073200Z --resume,can,main,utility_backfill_seeds34
distill,3,1,3,esca,1,0.9286,0.9333,0.2,0.0559,0.6106,0.7054,0.1052,0.9071,15,104.1,mps,2.12.0,False,True,1,mps,gate_v2_20260816T073200Z,22500ef30e3a100321e0aafc68c7babd548de254,aaron-mac.local,scripts/run_gate_v2.py --device mps --tag gate_v2_20260816T073200Z --resume,can,main,utility_backfill_seeds34
distill,3,1,3,lung,2,0.8449,0.8421,0.4,0.0353,-0.1286,0.6575,0.1426,0.7535,95,104.7,mps,2.12.0,False,True,1,mps,gate_v2_20260816T073200Z,22500ef30e3a100321e0aafc68c7babd548de254,aaron-mac.local,scripts/run_gate_v2.py --device mps --tag gate_v2_20260816T073200Z --resume,can,main,utility_backfill_seeds34
distill,3,1,3,rcc,3,0.9426,0.9474,1.0,-0.0,0.8243,0.8006,0.0739,0.8533,76,105.1,mps,2.12.0,False,True,1,mps,gate_v2_20260816T073200Z,22500ef30e3a100321e0aafc68c7babd548de254,aaron-mac.local,scripts/run_gate_v2.py --device mps --tag gate_v2_20260816T073200Z --resume,can,main,utility_backfill_seeds34
distill,3,1,4,esca,1,0.9375,0.9333,0.0667,0.0964,0.569,0.709,0.1094,0.9071,15,156.6,mps,2.12.0,False,True,1,mps,gate_v2_20260816T073200Z,22500ef30e3a100321e0aafc68c7babd548de254,aaron-mac.local,scripts/run_gate_v2.py --device mps --tag gate_v2_20260816T073200Z --resume,can,main,utility_backfill_seeds34
distill,3,1,4,lung,2,0.8327,0.8316,0.3474,0.0491,-0.143,0.6648,0.1398,0.7535,95,157.3,mps,2.12.0,False,True,1,mps,gate_v2_20260816T073200Z,22500ef30e3a100321e0aafc68c7babd548de254,aaron-mac.local,scripts/run_gate_v2.py --device mps --tag gate_v2_20260816T073200Z --resume,can,main,utility_backfill_seeds34
distill,3,1,4,rcc,3,0.9426,0.9474,0.4342,0.0249,0.874,0.795,0.0764,0.8533,76,157.7,mps,2.12.0,False,True,1,mps,gate_v2_20260816T073200Z,22500ef30e3a100321e0aafc68c7babd548de254,aaron-mac.local,scripts/run_gate_v2.py --device mps --tag gate_v2_20260816T073200Z --resume,can,main,utility_backfill_seeds34
distill,3,1,4,brca,4,0.9001,0.9032,1.0,-0.0,0.3115,0.7382,0.1021,0.655,93,158.3,mps,2.12.0,False,True,1,mps,gate_v2_20260816T073200Z,22500ef30e3a100321e0aafc68c7babd548de254,aaron-mac.local,scripts/run_gate_v2.py --device mps --tag gate_v2_20260816T073200Z --resume,can,main,utility_backfill_seeds34
distill,3,2,1,esca,1,0.9375,0.9333,1.0,0.0,-0.1337,0.7348,0.1115,0.825,15,10.8,mps,2.12.0,False,True,1,mps,gate_v2_20260816T073200Z,22500ef30e3a100321e0aafc68c7babd548de254,aaron-mac.local,scripts/run_gate_v2.py --device mps --tag gate_v2_20260816T073200Z --resume,can,main,utility_backfill_seeds34
distill,3,2,2,esca,1,0.9375,0.9333,0.2222,0.0113,-0.0044,0.7306,0.1112,0.825,15,114.2,mps,2.12.0,False,True,1,mps,gate_v2_20260816T073200Z,22500ef30e3a100321e0aafc68c7babd548de254,aaron-mac.local,scripts/run_gate_v2.py --device mps --tag gate_v2_20260816T073200Z --resume,can,main,utility_backfill_seeds34
distill,3,2,2,lung,2,0.8436,0.8421,1.0,0.0,-0.1591,0.6497,0.1317,0.7867,95,115.2,mps,2.12.0,False,True,1,mps,gate_v2_20260816T073200Z,22500ef30e3a100321e0aafc68c7babd548de254,aaron-mac.local,scripts/run_gate_v2.py --device mps --tag gate_v2_20260816T073200Z --resume,can,main,utility_backfill_seeds34
distill,3,2,3,esca,1,0.9375,0.9333,0.0889,0.0138,-0.0045,0.7245,0.1127,0.825,15,194.0,mps,2.12.0,False,True,1,mps,gate_v2_20260816T073200Z,22500ef30e3a100321e0aafc68c7babd548de254,aaron-mac.local,scripts/run_gate_v2.py --device mps --tag gate_v2_20260816T073200Z --resume,can,main,utility_backfill_seeds34
distill,3,2,3,lung,2,0.8341,0.8316,0.2386,0.0114,-0.1324,0.6422,0.1355,0.7867,95,195.0,mps,2.12.0,False,True,1,mps,gate_v2_20260816T073200Z,22500ef30e3a100321e0aafc68c7babd548de254,aaron-mac.local,scripts/run_gate_v2.py --device mps --tag gate_v2_20260816T073200Z --resume,can,main,utility_backfill_seeds34
distill,3,2,3,rcc,3,0.9713,0.9737,1.0,-0.0,0.4128,0.7558,0.0877,0.8825,76,195.9,mps,2.12.0,False,True,1,mps,gate_v2_20260816T073200Z,22500ef30e3a100321e0aafc68c7babd548de254,aaron-mac.local,scripts/run_gate_v2.py --device mps --tag gate_v2_20260816T073200Z --resume,can,main,utility_backfill_seeds34
distill,3,2,4,esca,1,0.9375,0.9333,0.1556,0.0156,0.2046,0.7218,0.1149,0.825,15,293.5,mps,2.12.0,False,True,1,mps,gate_v2_20260816T073200Z,22500ef30e3a100321e0aafc68c7babd548de254,aaron-mac.local,scripts/run_gate_v2.py --device mps --tag gate_v2_20260816T073200Z --resume,can,main,utility_backfill_seeds34
distill,3,2,4,lung,2,0.8443,0.8421,0.207,0.0178,-0.0117,0.6319,0.1384,0.7867,95,294.5,mps,2.12.0,False,True,1,mps,gate_v2_20260816T073200Z,22500ef30e3a100321e0aafc68c7babd548de254,aaron-mac.local,scripts/run_gate_v2.py --device mps --tag gate_v2_20260816T073200Z --resume,can,main,utility_backfill_seeds34
distill,3,2,4,rcc,3,0.963,0.9737,0.2281,0.0183,0.4514,0.7625,0.0846,0.8825,76,295.3,mps,2.12.0,False,True,1,mps,gate_v2_20260816T073200Z,22500ef30e3a100321e0aafc68c7babd548de254,aaron-mac.local,scripts/run_gate_v2.py --device mps --tag gate_v2_20260816T073200Z --resume,can,main,utility_backfill_seeds34
distill,3,2,4,brca,4,0.8873,0.914,1.0,-0.0,0.11,0.603,0.1363,0.7233,93,296.3,mps,2.12.0,False,True,1,mps,gate_v2_20260816T073200Z,22500ef30e3a100321e0aafc68c7babd548de254,aaron-mac.local,scripts/run_gate_v2.py --device mps --tag gate_v2_20260816T073200Z --resume,can,main,utility_backfill_seeds34
distill,4,1,1,esca,1,0.9375,0.9333,1.0,0.0,0.0792,0.763,0.1006,0.7982,15,5.8,mps,2.12.0,False,True,1,mps,gate_v2_20260816T073200Z,22500ef30e3a100321e0aafc68c7babd548de254,aaron-mac.local,scripts/run_gate_v2.py --device mps --tag gate_v2_20260816T073200Z --resume,can,main,utility_backfill_seeds34
distill,4,1,2,esca,1,1.0,1.0,0.1333,0.0315,0.6611,0.7627,0.0951,0.7982,15,60.9,mps,2.12.0,False,True,1,mps,gate_v2_20260816T073200Z,22500ef30e3a100321e0aafc68c7babd548de254,aaron-mac.local,scripts/run_gate_v2.py --device mps --tag gate_v2_20260816T073200Z --resume,can,main,utility_backfill_seeds34
distill,4,1,2,lung,2,0.8347,0.8316,1.0,-0.0,-0.017,0.6801,0.1407,0.7368,95,61.5,mps,2.12.0,False,True,1,mps,gate_v2_20260816T073200Z,22500ef30e3a100321e0aafc68c7babd548de254,aaron-mac.local,scripts/run_gate_v2.py --device mps --tag gate_v2_20260816T073200Z --resume,can,main,utility_backfill_seeds34
distill,4,1,3,esca,1,1.0,1.0,0.2,0.0446,0.6559,0.7675,0.0886,0.7982,15,105.1,mps,2.12.0,False,True,1,mps,gate_v2_20260816T073200Z,22500ef30e3a100321e0aafc68c7babd548de254,aaron-mac.local,scripts/run_gate_v2.py --device mps --tag gate_v2_20260816T073200Z --resume,can,main,utility_backfill_seeds34
distill,4,1,3,lung,2,0.8551,0.8526,0.4632,0.0262,0.0683,0.6677,0.1453,0.7368,95,105.7,mps,2.12.0,False,True,1,mps,gate_v2_20260816T073200Z,22500ef30e3a100321e0aafc68c7babd548de254,aaron-mac.local,scripts/run_gate_v2.py --device mps --tag gate_v2_20260816T073200Z --resume,can,main,utility_backfill_seeds34
distill,4,1,3,rcc,3,0.9611,0.9605,1.0,-0.0,0.8147,0.8298,0.0654,0.8931,76,106.1,mps,2.12.0,False,True,1,mps,gate_v2_20260816T073200Z,22500ef30e3a100321e0aafc68c7babd548de254,aaron-mac.local,scripts/run_gate_v2.py --device mps --tag gate_v2_20260816T073200Z --resume,can,main,utility_backfill_seeds34
distill,4,1,4,esca,1,1.0,1.0,0.0,0.0789,0.6464,0.7481,0.095,0.7982,15,159.8,mps,2.12.0,False,True,1,mps,gate_v2_20260816T073200Z,22500ef30e3a100321e0aafc68c7babd548de254,aaron-mac.local,scripts/run_gate_v2.py --device mps --tag gate_v2_20260816T073200Z --resume,can,main,utility_backfill_seeds34
distill,4,1,4,lung,2,0.8756,0.8737,0.3158,0.0504,0.0908,0.6561,0.1495,0.7368,95,160.4,mps,2.12.0,False,True,1,mps,gate_v2_20260816T073200Z,22500ef30e3a100321e0aafc68c7babd548de254,aaron-mac.local,scripts/run_gate_v2.py --device mps --tag gate_v2_20260816T073200Z --resume,can,main,utility_backfill_seeds34
distill,4,1,4,rcc,3,0.9592,0.9474,0.3421,0.0247,0.7861,0.8213,0.0693,0.8931,76,160.8,mps,2.12.0,False,True,1,mps,gate_v2_20260816T073200Z,22500ef30e3a100321e0aafc68c7babd548de254,aaron-mac.local,scripts/run_gate_v2.py --device mps --tag gate_v2_20260816T073200Z --resume,can,main,utility_backfill_seeds34
distill,4,1,4,brca,4,0.8745,0.9247,1.0,-0.0,0.2774,0.7154,0.111,0.6746,93,161.4,mps,2.12.0,False,True,1,mps,gate_v2_20260816T073200Z,22500ef30e3a100321e0aafc68c7babd548de254,aaron-mac.local,scripts/run_gate_v2.py --device mps --tag gate_v2_20260816T073200Z --resume,can,main,utility_backfill_seeds34
distill,4,2,1,esca,1,0.9375,0.9333,1.0,0.0,-0.1368,0.7328,0.1141,0.925,15,9.5,mps,2.12.0,False,True,1,mps,gate_v2_20260816T073200Z,22500ef30e3a100321e0aafc68c7babd548de254,aaron-mac.local,scripts/run_gate_v2.py --device mps --tag gate_v2_20260816T073200Z --resume,can,main,utility_backfill_seeds34
distill,4,2,2,esca,1,0.9375,0.9333,0.1556,0.0174,0.2751,0.7351,0.1098,0.925,15,109.1,mps,2.12.0,False,True,1,mps,gate_v2_20260816T073200Z,22500ef30e3a100321e0aafc68c7babd548de254,aaron-mac.local,scripts/run_gate_v2.py --device mps --tag gate_v2_20260816T073200Z --resume,can,main,utility_backfill_seeds34
distill,4,2,2,lung,2,0.8749,0.8737,1.0,-0.0,0.0333,0.63,0.1418,0.8127,95,110.3,mps,2.12.0,False,True,1,mps,gate_v2_20260816T073200Z,22500ef30e3a100321e0aafc68c7babd548de254,aaron-mac.local,scripts/run_gate_v2.py --device mps --tag gate_v2_20260816T073200Z --resume,can,main,utility_backfill_seeds34
distill,4,2,3,esca,1,0.9375,0.9333,0.0889,0.0177,0.2335,0.7305,0.1109,0.925,15,191.6,mps,2.12.0,False,True,1,mps,gate_v2_20260816T073200Z,22500ef30e3a100321e0aafc68c7babd548de254,aaron-mac.local,scripts/run_gate_v2.py --device mps --tag gate_v2_20260816T073200Z --resume,can,main,utility_backfill_seeds34
distill,4,2,3,lung,2,0.8654,0.8632,0.3579,0.0134,-0.0219,0.6199,0.1451,0.8127,95,192.6,mps,2.12.0,False,True,1,mps,gate_v2_20260816T073200Z,22500ef30e3a100321e0aafc68c7babd548de254,aaron-mac.local,scripts/run_gate_v2.py --device mps --tag gate_v2_20260816T073200Z --resume,can,main,utility_backfill_seeds34
distill,4,2,3,rcc,3,0.9713,0.9737,1.0,-0.0,0.437,0.7675,0.0845,0.9072,76,193.4,mps,2.12.0,False,True,1,mps,gate_v2_20260816T073200Z,22500ef30e3a100321e0aafc68c7babd548de254,aaron-mac.local,scripts/run_gate_v2.py --device mps --tag gate_v2_20260816T073200Z --resume,can,main,utility_backfill_seeds34
distill,4,2,4,esca,1,0.7946,0.8,0.0222,0.0295,0.1171,0.7286,0.1098,0.925,15,289.4,mps,2.12.0,False,True,1,mps,gate_v2_20260816T073200Z,22500ef30e3a100321e0aafc68c7babd548de254,aaron-mac.local,scripts/run_gate_v2.py --device mps --tag gate_v2_20260816T073200Z --resume,can,main,utility_backfill_seeds34
distill,4,2,4,lung,2,0.8647,0.8632,0.2211,0.0245,0.0297,0.6158,0.1464,0.8127,95,290.4,mps,2.12.0,False,True,1,mps,gate_v2_20260816T073200Z,22500ef30e3a100321e0aafc68c7babd548de254,aaron-mac.local,scripts/run_gate_v2.py --device mps --tag gate_v2_20260816T073200Z --resume,can,main,utility_backfill_seeds34
distill,4,2,4,rcc,3,0.9713,0.9737,0.1842,0.0107,0.4299,0.7679,0.0833,0.9072,76,291.2,mps,2.12.0,False,True,1,mps,gate_v2_20260816T073200Z,22500ef30e3a100321e0aafc68c7babd548de254,aaron-mac.local,scripts/run_gate_v2.py --device mps --tag gate_v2_20260816T073200Z --resume,can,main,utility_backfill_seeds34
distill,4,2,4,brca,4,0.8023,0.9032,1.0,-0.0,0.0184,0.615,0.1305,0.6981,93,292.2,mps,2.12.0,False,True,1,mps,gate_v2_20260816T073200Z,22500ef30e3a100321e0aafc68c7babd548de254,aaron-mac.local,scripts/run_gate_v2.py --device mps --tag gate_v2_20260816T073200Z --resume,can,main,utility_backfill_seeds34
ours_uniform,3,1,1,esca,1,0.9375,0.9333,1.0,0.0,0.0048,0.718,0.1102,0.9071,15,5.0,mps,2.12.0,False,True,1,mps,gate_v2_20260816T073200Z,22500ef30e3a100321e0aafc68c7babd548de254,aaron-mac.local,scripts/run_gate_v2.py --device mps --tag gate_v2_20260816T073200Z --resume,can,main,utility_backfill_seeds34
ours_uniform,3,1,2,esca,1,0.9286,0.9333,0.2,0.0494,0.6107,0.74,0.1024,0.9071,15,64.0,mps,2.12.0,False,True,1,mps,gate_v2_20260816T073200Z,22500ef30e3a100321e0aafc68c7babd548de254,aaron-mac.local,scripts/run_gate_v2.py --device mps --tag gate_v2_20260816T073200Z --resume,can,main,utility_backfill_seeds34
ours_uniform,3,1,2,lung,2,0.8647,0.8632,1.0,-0.0,-0.0792,0.6956,0.1313,0.7535,95,64.5,mps,2.12.0,False,True,1,mps,gate_v2_20260816T073200Z,22500ef30e3a100321e0aafc68c7babd548de254,aaron-mac.local,scripts/run_gate_v2.py --device mps --tag gate_v2_20260816T073200Z --resume,can,main,utility_backfill_seeds34
ours_uniform,3,1,3,esca,1,1.0,1.0,0.2667,0.1146,0.6615,0.7804,0.0922,0.9071,15,111.0,mps,2.12.0,False,True,1,mps,gate_v2_20260816T073200Z,22500ef30e3a100321e0aafc68c7babd548de254,aaron-mac.local,scripts/run_gate_v2.py --device mps --tag gate_v2_20260816T073200Z --resume,can,main,utility_backfill_seeds34
ours_uniform,3,1,3,lung,2,0.8463,0.8421,0.3684,0.0459,-0.2085,0.6859,0.1391,0.7535,95,111.6,mps,2.12.0,False,True,1,mps,gate_v2_20260816T073200Z,22500ef30e3a100321e0aafc68c7babd548de254,aaron-mac.local,scripts/run_gate_v2.py --device mps --tag gate_v2_20260816T073200Z --resume,can,main,utility_backfill_seeds34
ours_uniform,3,1,3,rcc,3,0.9898,0.9868,1.0,-0.0,0.875,0.7943,0.0753,0.8533,76,112.0,mps,2.12.0,False,True,1,mps,gate_v2_20260816T073200Z,22500ef30e3a100321e0aafc68c7babd548de254,aaron-mac.local,scripts/run_gate_v2.py --device mps --tag gate_v2_20260816T073200Z --resume,can,main,utility_backfill_seeds34
ours_uniform,3,1,4,esca,1,1.0,1.0,0.0667,0.1424,0.6608,0.7844,0.0815,0.9071,15,169.7,mps,2.12.0,False,True,1,mps,gate_v2_20260816T073200Z,22500ef30e3a100321e0aafc68c7babd548de254,aaron-mac.local,scripts/run_gate_v2.py --device mps --tag gate_v2_20260816T073200Z --resume,can,main,utility_backfill_seeds34
ours_uniform,3,1,4,lung,2,0.8456,0.8421,0.1895,0.0585,-0.1372,0.6854,0.1358,0.7535,95,170.4,mps,2.12.0,False,True,1,mps,gate_v2_20260816T073200Z,22500ef30e3a100321e0aafc68c7babd548de254,aaron-mac.local,scripts/run_gate_v2.py --device mps --tag gate_v2_20260816T073200Z --resume,can,main,utility_backfill_seeds34
ours_uniform,3,1,4,rcc,3,0.9713,0.9737,0.3947,0.0268,0.8535,0.7965,0.0746,0.8533,76,170.9,mps,2.12.0,False,True,1,mps,gate_v2_20260816T073200Z,22500ef30e3a100321e0aafc68c7babd548de254,aaron-mac.local,scripts/run_gate_v2.py --device mps --tag gate_v2_20260816T073200Z --resume,can,main,utility_backfill_seeds34
ours_uniform,3,1,4,brca,4,0.8933,0.8925,1.0,-0.0,0.2786,0.7351,0.1045,0.655,93,171.5,mps,2.12.0,False,True,1,mps,gate_v2_20260816T073200Z,22500ef30e3a100321e0aafc68c7babd548de254,aaron-mac.local,scripts/run_gate_v2.py --device mps --tag gate_v2_20260816T073200Z --resume,can,main,utility_backfill_seeds34
ours_uniform,3,2,1,esca,1,0.9375,0.9333,1.0,0.0,-0.1337,0.7348,0.1115,0.825,15,9.6,mps,2.12.0,False,True,1,mps,gate_v2_20260816T073200Z,22500ef30e3a100321e0aafc68c7babd548de254,aaron-mac.local,scripts/run_gate_v2.py --device mps --tag gate_v2_20260816T073200Z --resume,can,main,utility_backfill_seeds34
ours_uniform,3,2,2,esca,1,0.9375,0.9333,0.1111,0.0174,0.198,0.734,0.1121,0.825,15,116.3,mps,2.12.0,False,True,1,mps,gate_v2_20260816T073200Z,22500ef30e3a100321e0aafc68c7babd548de254,aaron-mac.local,scripts/run_gate_v2.py --device mps --tag gate_v2_20260816T073200Z --resume,can,main,utility_backfill_seeds34
ours_uniform,3,2,2,lung,2,0.8749,0.8737,1.0,-0.0,-0.06,0.6502,0.1315,0.7867,95,117.4,mps,2.12.0,False,True,1,mps,gate_v2_20260816T073200Z,22500ef30e3a100321e0aafc68c7babd548de254,aaron-mac.local,scripts/run_gate_v2.py --device mps --tag gate_v2_20260816T073200Z --resume,can,main,utility_backfill_seeds34
ours_uniform,3,2,3,esca,1,1.0,1.0,0.0444,0.0294,0.3385,0.7357,0.1117,0.825,15,203.6,mps,2.12.0,False,True,1,mps,gate_v2_20260816T073200Z,22500ef30e3a100321e0aafc68c7babd548de254,aaron-mac.local,scripts/run_gate_v2.py --device mps --tag gate_v2_20260816T073200Z --resume,can,main,utility_backfill_seeds34
ours_uniform,3,2,3,lung,2,0.8551,0.8526,0.2,0.0186,-0.0966,0.6448,0.137,0.7867,95,204.6,mps,2.12.0,False,True,1,mps,gate_v2_20260816T073200Z,22500ef30e3a100321e0aafc68c7babd548de254,aaron-mac.local,scripts/run_gate_v2.py --device mps --tag gate_v2_20260816T073200Z --resume,can,main,utility_backfill_seeds34
ours_uniform,3,2,3,rcc,3,0.9713,0.9737,1.0,-0.0,0.4135,0.7537,0.0878,0.8825,76,205.4,mps,2.12.0,False,True,1,mps,gate_v2_20260816T073200Z,22500ef30e3a100321e0aafc68c7babd548de254,aaron-mac.local,scripts/run_gate_v2.py --device mps --tag gate_v2_20260816T073200Z --resume,can,main,utility_backfill_seeds34
ours_uniform,3,2,4,esca,1,0.875,0.8667,0.0667,0.0366,-0.0386,0.736,0.1071,0.825,15,311.0,mps,2.12.0,False,True,1,mps,gate_v2_20260816T073200Z,22500ef30e3a100321e0aafc68c7babd548de254,aaron-mac.local,scripts/run_gate_v2.py --device mps --tag gate_v2_20260816T073200Z --resume,can,main,utility_backfill_seeds34
ours_uniform,3,2,4,lung,2,0.8239,0.8211,0.1754,0.0248,-0.1417,0.6442,0.1364,0.7867,95,312.1,mps,2.12.0,False,True,1,mps,gate_v2_20260816T073200Z,22500ef30e3a100321e0aafc68c7babd548de254,aaron-mac.local,scripts/run_gate_v2.py --device mps --tag gate_v2_20260816T073200Z --resume,can,main,utility_backfill_seeds34
ours_uniform,3,2,4,rcc,3,0.9528,0.9605,0.1579,0.0195,0.4234,0.7716,0.0809,0.8825,76,312.9,mps,2.12.0,False,True,1,mps,gate_v2_20260816T073200Z,22500ef30e3a100321e0aafc68c7babd548de254,aaron-mac.local,scripts/run_gate_v2.py --device mps --tag gate_v2_20260816T073200Z --resume,can,main,utility_backfill_seeds34
ours_uniform,3,2,4,brca,4,0.9203,0.9355,1.0,0.0,0.1472,0.6114,0.132,0.7233,93,313.9,mps,2.12.0,False,True,1,mps,gate_v2_20260816T073200Z,22500ef30e3a100321e0aafc68c7babd548de254,aaron-mac.local,scripts/run_gate_v2.py --device mps --tag gate_v2_20260816T073200Z --resume,can,main,utility_backfill_seeds34
ours_uniform,4,1,1,esca,1,0.9375,0.9333,1.0,0.0,0.0792,0.763,0.1006,0.7982,15,5.2,mps,2.12.0,False,True,1,mps,gate_v2_20260816T073200Z,22500ef30e3a100321e0aafc68c7babd548de254,aaron-mac.local,scripts/run_gate_v2.py --device mps --tag gate_v2_20260816T073200Z --resume,can,main,utility_backfill_seeds34
ours_uniform,4,1,2,esca,1,0.875,0.8667,0.4,0.0312,0.1629,0.7663,0.0999,0.7982,15,62.0,mps,2.12.0,False,True,1,mps,gate_v2_20260816T073200Z,22500ef30e3a100321e0aafc68c7babd548de254,aaron-mac.local,scripts/run_gate_v2.py --device mps --tag gate_v2_20260816T073200Z --resume,can,main,utility_backfill_seeds34
ours_uniform,4,1,2,lung,2,0.8762,0.8737,1.0,-0.0,0.0218,0.687,0.1376,0.7368,95,62.6,mps,2.12.0,False,True,1,mps,gate_v2_20260816T073200Z,22500ef30e3a100321e0aafc68c7babd548de254,aaron-mac.local,scripts/run_gate_v2.py --device mps --tag gate_v2_20260816T073200Z --resume,can,main,utility_backfill_seeds34
ours_uniform,4,1,3,esca,1,1.0,1.0,0.2,0.0605,0.6527,0.7881,0.0865,0.7982,15,107.3,mps,2.12.0,False,True,1,mps,gate_v2_20260816T073200Z,22500ef30e3a100321e0aafc68c7babd548de254,aaron-mac.local,scripts/run_gate_v2.py --device mps --tag gate_v2_20260816T073200Z --resume,can,main,utility_backfill_seeds34
ours_uniform,4,1,3,lung,2,0.8762,0.8737,0.4632,0.0366,0.0792,0.6859,0.1403,0.7368,95,107.8,mps,2.12.0,False,True,1,mps,gate_v2_20260816T073200Z,22500ef30e3a100321e0aafc68c7babd548de254,aaron-mac.local,scripts/run_gate_v2.py --device mps --tag gate_v2_20260816T073200Z --resume,can,main,utility_backfill_seeds34
ours_uniform,4,1,3,rcc,3,0.9509,0.9474,1.0,-0.0,0.7551,0.8334,0.0643,0.8931,76,108.2,mps,2.12.0,False,True,1,mps,gate_v2_20260816T073200Z,22500ef30e3a100321e0aafc68c7babd548de254,aaron-mac.local,scripts/run_gate_v2.py --device mps --tag gate_v2_20260816T073200Z --resume,can,main,utility_backfill_seeds34
ours_uniform,4,1,4,esca,1,1.0,1.0,0.1333,0.0874,0.6603,0.7908,0.0856,0.7982,15,162.9,mps,2.12.0,False,True,1,mps,gate_v2_20260816T073200Z,22500ef30e3a100321e0aafc68c7babd548de254,aaron-mac.local,scripts/run_gate_v2.py --device mps --tag gate_v2_20260816T073200Z --resume,can,main,utility_backfill_seeds34
ours_uniform,4,1,4,lung,2,0.8769,0.8737,0.2947,0.0573,0.1171,0.6785,0.1436,0.7368,95,163.5,mps,2.12.0,False,True,1,mps,gate_v2_20260816T073200Z,22500ef30e3a100321e0aafc68c7babd548de254,aaron-mac.local,scripts/run_gate_v2.py --device mps --tag gate_v2_20260816T073200Z --resume,can,main,utility_backfill_seeds34
ours_uniform,4,1,4,rcc,3,0.9592,0.9474,0.3684,0.0252,0.812,0.8219,0.0668,0.8931,76,163.9,mps,2.12.0,False,True,1,mps,gate_v2_20260816T073200Z,22500ef30e3a100321e0aafc68c7babd548de254,aaron-mac.local,scripts/run_gate_v2.py --device mps --tag gate_v2_20260816T073200Z --resume,can,main,utility_backfill_seeds34
ours_uniform,4,1,4,brca,4,0.9271,0.9462,1.0,-0.0,0.3697,0.7176,0.1082,0.6746,93,164.4,mps,2.12.0,False,True,1,mps,gate_v2_20260816T073200Z,22500ef30e3a100321e0aafc68c7babd548de254,aaron-mac.local,scripts/run_gate_v2.py --device mps --tag gate_v2_20260816T073200Z --resume,can,main,utility_backfill_seeds34
ours_uniform,4,2,1,esca,1,0.9375,0.9333,1.0,0.0,-0.1368,0.7328,0.1141,0.925,15,8.6,mps,2.12.0,False,True,1,mps,gate_v2_20260816T073200Z,22500ef30e3a100321e0aafc68c7babd548de254,aaron-mac.local,scripts/run_gate_v2.py --device mps --tag gate_v2_20260816T073200Z --resume,can,main,utility_backfill_seeds34
ours_uniform,4,2,2,esca,1,0.9375,0.9333,0.1556,0.0184,0.23,0.7338,0.1139,0.925,15,114.1,mps,2.12.0,False,True,1,mps,gate_v2_20260816T073200Z,22500ef30e3a100321e0aafc68c7babd548de254,aaron-mac.local,scripts/run_gate_v2.py --device mps --tag gate_v2_20260816T073200Z --resume,can,main,utility_backfill_seeds34
ours_uniform,4,2,2,lung,2,0.8538,0.8526,1.0,-0.0,-0.0274,0.629,0.1408,0.8127,95,115.1,mps,2.12.0,False,True,1,mps,gate_v2_20260816T073200Z,22500ef30e3a100321e0aafc68c7babd548de254,aaron-mac.local,scripts/run_gate_v2.py --device mps --tag gate_v2_20260816T073200Z --resume,can,main,utility_backfill_seeds34
ours_uniform,4,2,3,esca,1,0.9375,0.9333,0.1111,0.0267,0.2537,0.7393,0.1113,0.925,15,198.6,mps,2.12.0,False,True,1,mps,gate_v2_20260816T073200Z,22500ef30e3a100321e0aafc68c7babd548de254,aaron-mac.local,scripts/run_gate_v2.py --device mps --tag gate_v2_20260816T073200Z --resume,can,main,utility_backfill_seeds34
ours_uniform,4,2,3,lung,2,0.8443,0.8421,0.3193,0.0246,-0.073,0.6224,0.1462,0.8127,95,199.8,mps,2.12.0,False,True,1,mps,gate_v2_20260816T073200Z,22500ef30e3a100321e0aafc68c7babd548de254,aaron-mac.local,scripts/run_gate_v2.py --device mps --tag gate_v2_20260816T073200Z --resume,can,main,utility_backfill_seeds34
ours_uniform,4,2,3,rcc,3,0.9611,0.9605,1.0,-0.0,0.3786,0.7679,0.0845,0.9072,76,201.3,mps,2.12.0,False,True,1,mps,gate_v2_20260816T073200Z,22500ef30e3a100321e0aafc68c7babd548de254,aaron-mac.local,scripts/run_gate_v2.py --device mps --tag gate_v2_20260816T073200Z --resume,can,main,utility_backfill_seeds34
ours_uniform,4,2,4,esca,1,0.875,0.8667,0.0889,0.0324,-0.0027,0.7367,0.1115,0.925,15,336.1,mps,2.12.0,False,True,1,mps,gate_v2_20260816T073200Z,22500ef30e3a100321e0aafc68c7babd548de254,aaron-mac.local,scripts/run_gate_v2.py --device mps --tag gate_v2_20260816T073200Z --resume,can,main,utility_backfill_seeds34
ours_uniform,4,2,4,lung,2,0.8551,0.8526,0.1474,0.0416,-0.0595,0.6166,0.1473,0.8127,95,337.3,mps,2.12.0,False,True,1,mps,gate_v2_20260816T073200Z,22500ef30e3a100321e0aafc68c7babd548de254,aaron-mac.local,scripts/run_gate_v2.py --device mps --tag gate_v2_20260816T073200Z --resume,can,main,utility_backfill_seeds34
ours_uniform,4,2,4,rcc,3,0.9528,0.9605,0.1228,0.0216,0.3902,0.7797,0.0788,0.9072,76,338.2,mps,2.12.0,False,True,1,mps,gate_v2_20260816T073200Z,22500ef30e3a100321e0aafc68c7babd548de254,aaron-mac.local,scripts/run_gate_v2.py --device mps --tag gate_v2_20260816T073200Z --resume,can,main,utility_backfill_seeds34
ours_uniform,4,2,4,brca,4,0.8482,0.914,1.0,-0.0,0.14,0.6232,0.1273,0.6981,93,339.5,mps,2.12.0,False,True,1,mps,gate_v2_20260816T073200Z,22500ef30e3a100321e0aafc68c7babd548de254,aaron-mac.local,scripts/run_gate_v2.py --device mps --tag gate_v2_20260816T073200Z --resume,can,main,utility_backfill_seeds34
