order,K,comparison,family,metric,n,mean,ci_lo,ci_hi,sign_agree,p_value,q_value,fdr_significant
main,1,ours-distill,confirmatory,AA,5,-0.0039450000000000205,-0.013375000000000026,0.004095000000000004,3,0.5625,0.6867732558139535,False
main,1,ours-distill,confirmatory,Forgetting,5,0.003793333333333323,-0.0038400000000000274,0.01224666666666668,3,0.625,0.7172131147540983,False
main,1,ours-distill,confirmatory,BWT,5,-0.005086666666666668,-0.010006666666666681,0.0008966666666666088,4,0.1875,0.3336864406779661,False
main,1,ours-distill,confirmatory,Jaccard,5,-0.03683333333333336,-0.08757333333333335,0.02689999999999998,4,0.3125,0.47554347826086957,False
main,1,ours-distill,confirmatory,action-KL,5,-0.0109,-0.018800000000000008,-0.004253333333333329,5,0.0625,0.14914772727272727,False
main,2,ours-distill,confirmatory,AA,5,-0.004705000000000026,-0.019584999999999964,0.00923999999999996,3,0.625,0.7172131147540983,False
main,2,ours-distill,confirmatory,Forgetting,5,-0.0002799999999999983,-0.011760000000000008,0.01201333333333333,3,1.0,1.0,False
main,2,ours-distill,confirmatory,BWT,5,-0.002366666666666686,-0.016206666666666703,0.01687333333333332,4,0.8125,0.8661167512690355,False
main,2,ours-distill,confirmatory,Jaccard,5,-0.03680000000000001,-0.05276000000000001,-0.02044666666666669,5,0.0625,0.14914772727272727,False
main,2,ours-distill,confirmatory,action-KL,5,-0.007980000000000004,-0.011340000000000003,-0.005273333333333337,5,0.0625,0.14914772727272727,False
main,4,ours-distill,confirmatory,AA,5,0.0018299999999999983,-0.011295000000000032,0.014119999999999956,3,0.8125,0.8661167512690355,False
main,4,ours-distill,confirmatory,Forgetting,5,0.011159999999999984,-0.012200000000000016,0.03470666666666665,3,0.5,0.6287425149700598,False
main,4,ours-distill,confirmatory,BWT,5,0.010066666666666637,-0.012960000000000046,0.0338333333333333,3,0.5,0.6287425149700598,False
main,4,ours-distill,confirmatory,Jaccard,5,-0.023420000000000007,-0.04741333333333335,-0.0002466666666666673,4,0.1875,0.3336864406779661,False
main,4,ours-distill,confirmatory,action-KL,5,-0.006026666666666667,-0.007333333333333333,-0.00472,5,0.0625,0.14914772727272727,False
main,1,ours-replay,confirmatory,AA,5,-0.004814999999999991,-0.010904999999999988,0.00035999999999996034,4,0.25,0.41015625,False
main,1,ours-replay,confirmatory,Forgetting,5,0.005166666666666653,-0.005673333333333358,0.016006666666666662,3,0.4375,0.5814873417721519,False
main,1,ours-replay,confirmatory,BWT,5,-0.00175333333333334,-0.016973333333333344,0.01485999999999999,3,0.875,0.9051724137931034,False
main,1,ours-replay,confirmatory,Jaccard,5,0.07935333333333332,0.052046666666666644,0.11478666666666666,5,0.0625,0.14914772727272727,False
main,1,ours-replay,confirmatory,action-KL,5,0.03444,0.02745333333333333,0.04142666666666666,5,0.0625,0.14914772727272727,False
main,2,ours-replay,confirmatory,AA,5,-0.0007249999999999534,-0.020154999999999923,0.014169999999999993,3,0.875,0.9051724137931034,False
main,2,ours-replay,confirmatory,Forgetting,5,0.003866666666666663,-0.015140000000000015,0.017266666666666673,3,0.625,0.7172131147540983,False
main,2,ours-replay,confirmatory,BWT,5,0.005139999999999982,-0.012246666666666687,0.01908666666666666,4,0.5625,0.6867732558139535,False
main,2,ours-replay,confirmatory,Jaccard,5,0.015393333333333328,-0.0010533333333333339,0.034839999999999996,4,0.3125,0.47554347826086957,False
main,2,ours-replay,confirmatory,action-KL,5,0.026940000000000002,0.021493333333333337,0.03216,5,0.0625,0.14914772727272727,False
main,4,ours-replay,confirmatory,AA,5,0.011905000000000054,-0.00237999999999996,0.02522000000000013,4,0.25,0.41015625,False
main,4,ours-replay,confirmatory,Forgetting,5,0.01552,0.006060000000000006,0.026706666666666646,5,0.0625,0.14914772727272727,False
main,4,ours-replay,confirmatory,BWT,5,0.011320000000000002,-0.011493333333333326,0.032373333333333316,3,0.4375,0.5814873417721519,False
main,4,ours-replay,confirmatory,Jaccard,5,0.00806666666666667,-0.029000000000000005,0.03914666666666668,3,0.75,0.8203125,False
main,4,ours-replay,confirmatory,action-KL,5,0.017793333333333335,0.014573333333333332,0.020873333333333334,5,0.0625,0.14914772727272727,False
main,1,distill-replay,confirmatory,AA,5,-0.0008699999999999708,-0.011849999999999939,0.012014999999999998,3,0.875,0.9051724137931034,False
main,1,distill-replay,confirmatory,Forgetting,5,0.001373333333333331,-0.005100000000000015,0.006673333333333332,4,0.625,0.7172131147540983,False
main,1,distill-replay,confirmatory,BWT,5,0.0033333333333333283,-0.008966666666666687,0.015633333333333343,3,0.6875,0.7679521276595744,False
main,1,distill-replay,confirmatory,Jaccard,5,0.11618666666666669,0.08442666666666672,0.14794666666666664,5,0.0625,0.14914772727272727,False
main,1,distill-replay,confirmatory,action-KL,5,0.04533999999999999,0.037,0.053026666666666666,5,0.0625,0.14914772727272727,False
main,2,distill-replay,confirmatory,AA,5,0.003980000000000072,-0.0036599999999998413,0.011619999999999986,3,0.4375,0.5814873417721519,False
main,2,distill-replay,confirmatory,Forgetting,5,0.00414666666666666,-0.006906666666666663,0.015199999999999983,3,0.625,0.7172131147540983,False
main,2,distill-replay,confirmatory,BWT,5,0.007506666666666668,-0.008419999999999999,0.023433333333333334,3,0.5,0.6287425149700598,False
main,2,distill-replay,confirmatory,Jaccard,5,0.052193333333333335,0.03450666666666667,0.07116666666666668,5,0.0625,0.14914772727272727,False
main,2,distill-replay,confirmatory,action-KL,5,0.03492000000000001,0.028813333333333337,0.04234666666666667,5,0.0625,0.14914772727272727,False
main,4,distill-replay,confirmatory,AA,5,0.010075000000000056,-0.009879999999999955,0.029735000000000046,3,0.4375,0.5814873417721519,False
main,4,distill-replay,confirmatory,Forgetting,5,0.004360000000000016,-0.02127333333333333,0.027446666666666685,3,0.6875,0.7679521276595744,False
main,4,distill-replay,confirmatory,BWT,5,0.001253333333333365,-0.02701999999999997,0.0295266666666667,3,0.9375,0.9603658536585366,False
main,4,distill-replay,confirmatory,Jaccard,5,0.03148666666666668,-0.019046666666666667,0.08469333333333336,4,0.3125,0.47554347826086957,False
main,4,distill-replay,confirmatory,action-KL,5,0.02382,0.019680000000000003,0.02757333333333333,5,0.0625,0.14914772727272727,False
main,1,ours-ours_uniform,confirmatory,AA,5,-0.015830000000000056,-0.02030000000000003,-0.011360000000000082,5,0.0625,0.14914772727272727,False
main,1,ours-ours_uniform,confirmatory,Forgetting,5,0.0007599999999999965,-0.010080000000000002,0.015173333333333339,2,1.0,1.0,False
main,1,ours-ours_uniform,confirmatory,BWT,5,-0.009620000000000012,-0.02136000000000003,0.000940000000000001,4,0.3125,0.47554347826086957,False
main,1,ours-ours_uniform,confirmatory,Jaccard,5,0.005739999999999995,-0.01962666666666666,0.02590666666666665,3,0.75,0.8203125,False
main,1,ours-ours_uniform,confirmatory,action-KL,5,-0.0013200000000000058,-0.0037933333333333456,0.00040000000000000175,4,0.3125,0.47554347826086957,False
main,2,ours-ours_uniform,confirmatory,AA,5,0.009885000000000055,-0.005449999999999955,0.025220000000000065,3,0.4375,0.5814873417721519,False
main,2,ours-ours_uniform,confirmatory,Forgetting,5,0.022873333333333336,0.004166666666666668,0.04158000000000001,3,0.25,0.41015625,False
main,2,ours-ours_uniform,confirmatory,BWT,5,0.020119999999999996,0.008766666666666655,0.03147333333333334,5,0.0625,0.14914772727272727,False
main,2,ours-ours_uniform,confirmatory,Jaccard,5,-0.0020666666666666693,-0.017493333333333316,0.010559999999999986,3,0.8125,0.8661167512690355,False
main,2,ours-ours_uniform,confirmatory,action-KL,5,0.0023666666666666628,0.001406666666666663,0.0033666666666666636,5,0.0625,0.14914772727272727,False
main,1,mem2048-ours,confirmatory,AA,5,0.01017999999999999,0.004666375000000021,0.016609999999999948,5,0.0625,0.14914772727272727,False
main,1,mem2048-ours,confirmatory,Forgetting,5,-0.0008333333333333376,-0.010200000000000018,0.013560000000000011,4,0.875,0.9051724137931034,False
main,1,mem2048-ours,confirmatory,BWT,5,0.004099999999999992,-0.010573333333333355,0.018773333333333336,3,0.625,0.7172131147540983,False
main,1,mem2048-ours,confirmatory,Jaccard,5,0.020040000000000013,-0.023526666666666668,0.05769333333333334,4,0.375,0.5320945945945946,False
main,1,mem2048-ours,confirmatory,action-KL,5,0.0035800000000000025,-0.0020599999999999993,0.009820000000000006,3,0.375,0.5320945945945946,False
main,2,mem2048-ours,confirmatory,AA,5,0.00984999999999998,0.001794999999999969,0.01882999999999997,5,0.0625,0.14914772727272727,False
main,2,mem2048-ours,confirmatory,Forgetting,5,0.010440000000000005,0.0025666666666666576,0.018313333333333348,4,0.125,0.25240384615384615,False
main,2,mem2048-ours,confirmatory,BWT,5,0.013760000000000003,0.007113333333333327,0.020653333333333326,5,0.0625,0.14914772727272727,False
main,2,mem2048-ours,confirmatory,Jaccard,5,0.04532666666666668,0.03182000000000003,0.06106666666666667,5,0.0625,0.14914772727272727,False
main,2,mem2048-ours,confirmatory,action-KL,5,0.007426666666666667,0.0063199999999999975,0.008880000000000004,5,0.0625,0.14914772727272727,False
main,1,lambda3-ours,confirmatory,AA,5,0.015110000000000023,0.005600000000000005,0.02459000000000009,4,0.125,0.25240384615384615,False
main,1,lambda3-ours,confirmatory,Forgetting,5,-0.002286666666666659,-0.008060000000000006,0.006220000000000019,4,0.625,0.7172131147540983,False
main,1,lambda3-ours,confirmatory,BWT,5,0.0071800000000000015,-0.008360000000000027,0.019860000000000017,3,0.5,0.6287425149700598,False
main,1,lambda3-ours,confirmatory,Jaccard,5,0.08778000000000004,0.04762666666666672,0.11059333333333335,5,0.0625,0.14914772727272727,False
main,1,lambda3-ours,confirmatory,action-KL,5,0.02204666666666667,0.01623333333333334,0.029366666666666673,5,0.0625,0.14914772727272727,False
main,2,lambda3-ours,confirmatory,AA,5,0.002230000000000021,-0.011470000000000046,0.016160000000000042,3,0.625,0.7172131147540983,False
main,2,lambda3-ours,confirmatory,Forgetting,5,-0.005619999999999988,-0.020413333333333332,0.010826666666666674,3,0.625,0.7172131147540983,False
main,2,lambda3-ours,confirmatory,BWT,5,0.0004133333333333558,-0.02122666666666666,0.022053333333333373,3,1.0,1.0,False
main,2,lambda3-ours,confirmatory,Jaccard,5,0.05717999999999999,0.041000000000000016,0.07053999999999999,5,0.0625,0.14914772727272727,False
main,2,lambda3-ours,confirmatory,action-KL,5,0.012166666666666668,0.010746666666666668,0.013826666666666664,5,0.0625,0.14914772727272727,False
main,1,distill-seqft,exploratory,AA,5,0.033705000000000054,0.0024700000000001054,0.061145000000000026,4,0.1875,0.3336864406779661,False
main,1,distill-seqft,exploratory,Forgetting,5,0.055253333333333356,0.019240000000000024,0.08952000000000004,4,0.125,0.25240384615384615,False
main,1,distill-seqft,exploratory,BWT,5,0.06414666666666669,0.03423999999999998,0.0961066666666667,5,0.0625,0.14914772727272727,False
main,1,distill-seqft,exploratory,Jaccard,5,0.24502000000000002,0.20193333333333338,0.28137999999999996,5,0.0625,0.14914772727272727,False
main,1,distill-seqft,exploratory,action-KL,5,0.26372000000000007,0.23863333333333334,0.2871666666666667,5,0.0625,0.14914772727272727,False
main,2,distill-seqft,exploratory,AA,5,0.01858000000000002,-0.008620000000000006,0.04649000000000001,3,0.375,0.5320945945945946,False
main,2,distill-seqft,exploratory,Forgetting,5,0.02790666666666668,-0.0005333333333333148,0.05702000000000003,4,0.25,0.41015625,False
main,2,distill-seqft,exploratory,BWT,5,0.02523333333333335,-0.01566666666666665,0.06213333333333336,4,0.375,0.5320945945945946,False
main,2,distill-seqft,exploratory,Jaccard,5,0.08140666666666667,0.06478666666666669,0.09837999999999998,5,0.0625,0.14914772727272727,False
main,2,distill-seqft,exploratory,action-KL,5,0.09080666666666667,0.08144666666666667,0.10036666666666667,5,0.0625,0.14914772727272727,False
main,4,distill-seqft,exploratory,AA,5,0.03829500000000004,0.021855000000000048,0.05629500000000005,5,0.0625,0.14914772727272727,False
main,4,distill-seqft,exploratory,Forgetting,5,0.03566000000000001,-0.00603333333333334,0.07178000000000002,4,0.1875,0.3336864406779661,False
main,4,distill-seqft,exploratory,BWT,5,0.04256000000000002,-0.0021000000000000072,0.08282000000000005,4,0.1875,0.3336864406779661,False
main,4,distill-seqft,exploratory,Jaccard,5,0.08679333333333335,0.06728,0.10510000000000001,5,0.0625,0.14914772727272727,False
main,4,distill-seqft,exploratory,action-KL,5,0.015726666666666667,0.013806666666666665,0.017573333333333333,5,0.0625,0.14914772727272727,False
main,1,ours-seqft,exploratory,AA,5,0.02976000000000003,-0.0020049999999999677,0.05565000000000005,4,0.1875,0.3336864406779661,False
main,1,ours-seqft,exploratory,Forgetting,5,0.05904666666666667,0.027333333333333338,0.09281333333333334,5,0.0625,0.14914772727272727,False
main,1,ours-seqft,exploratory,BWT,5,0.05906000000000002,0.027333333333333338,0.09700000000000002,5,0.0625,0.14914772727272727,False
main,1,ours-seqft,exploratory,Jaccard,5,0.20818666666666666,0.18941999999999998,0.22976000000000002,5,0.0625,0.14914772727272727,False
main,1,ours-seqft,exploratory,action-KL,5,0.25282000000000004,0.22090666666666667,0.2801733333333333,5,0.0625,0.14914772727272727,False
main,2,ours-seqft,exploratory,AA,5,0.013874999999999993,-0.00729499999999994,0.039900000000000005,3,0.5,0.6287425149700598,False
main,2,ours-seqft,exploratory,Forgetting,5,0.02762666666666668,0.005113333333333333,0.058926666666666704,5,0.0625,0.14914772727272727,False
main,2,ours-seqft,exploratory,BWT,5,0.02286666666666667,-0.0015400000000000082,0.05301333333333336,4,0.25,0.41015625,False
main,2,ours-seqft,exploratory,Jaccard,5,0.04460666666666666,0.030906666666666655,0.05830666666666666,5,0.0625,0.14914772727272727,False
main,2,ours-seqft,exploratory,action-KL,5,0.08282666666666667,0.07532666666666667,0.0905,5,0.0625,0.14914772727272727,False
main,4,ours-seqft,exploratory,AA,5,0.040125000000000036,0.023800000000000023,0.06064500000000008,5,0.0625,0.14914772727272727,False
main,4,ours-seqft,exploratory,Forgetting,5,0.04682,0.023933333333333327,0.06388666666666667,5,0.0625,0.14914772727272727,False
main,4,ours-seqft,exploratory,BWT,5,0.052626666666666655,0.02701999999999999,0.07208666666666666,5,0.0625,0.14914772727272727,False
main,4,ours-seqft,exploratory,Jaccard,5,0.06337333333333332,0.052480000000000006,0.07486666666666666,5,0.0625,0.14914772727272727,False
main,4,ours-seqft,exploratory,action-KL,5,0.009699999999999999,0.007659999999999998,0.01174,5,0.0625,0.14914772727272727,False
main,1,replay-seqft,exploratory,AA,5,0.03457500000000002,0.0030000000000000695,0.05907499999999999,4,0.1875,0.3336864406779661,False
main,1,replay-seqft,exploratory,Forgetting,5,0.05388000000000002,0.018126666666666673,0.08417333333333335,4,0.125,0.25240384615384615,False
main,1,replay-seqft,exploratory,BWT,5,0.060813333333333365,0.033386666666666676,0.08824000000000004,5,0.0625,0.14914772727272727,False
main,1,replay-seqft,exploratory,Jaccard,5,0.12883333333333333,0.11247333333333334,0.1459333333333333,5,0.0625,0.14914772727272727,False
main,1,replay-seqft,exploratory,action-KL,5,0.21837999999999996,0.18960666666666667,0.24483333333333332,5,0.0625,0.14914772727272727,False
main,2,replay-seqft,exploratory,AA,5,0.014599999999999946,-0.015275000000000061,0.04447499999999995,3,0.4375,0.5814873417721519,False
main,2,replay-seqft,exploratory,Forgetting,5,0.023760000000000024,-0.007979999999999994,0.055500000000000035,3,0.375,0.5320945945945946,False
main,2,replay-seqft,exploratory,BWT,5,0.01772666666666669,-0.014499999999999989,0.04995333333333336,3,0.375,0.5320945945945946,False
main,2,replay-seqft,exploratory,Jaccard,5,0.02921333333333333,0.011333333333333324,0.04674666666666667,4,0.125,0.25240384615384615,False
main,2,replay-seqft,exploratory,action-KL,5,0.05588666666666666,0.050826666666666666,0.060739999999999995,5,0.0625,0.14914772727272727,False
main,4,replay-seqft,exploratory,AA,5,0.028219999999999978,0.015494999999999991,0.03941499999999998,5,0.0625,0.14914772727272727,False
main,4,replay-seqft,exploratory,Forgetting,5,0.031299999999999994,0.01374666666666668,0.04899999999999998,5,0.0625,0.14914772727272727,False
main,4,replay-seqft,exploratory,BWT,5,0.04130666666666665,0.019919999999999986,0.06269333333333332,5,0.0625,0.14914772727272727,False
main,4,replay-seqft,exploratory,Jaccard,5,0.05530666666666666,0.017626666666666662,0.09377333333333333,4,0.125,0.25240384615384615,False
main,4,replay-seqft,exploratory,action-KL,5,-0.008093333333333336,-0.012913333333333336,-0.0044800000000000005,5,0.0625,0.14914772727272727,False
reverse,1,ours-distill,confirmatory,AA,5,-0.011319999999999997,-0.03870499999999999,0.005725000000000024,3,0.75,0.8203125,False
reverse,1,ours-distill,confirmatory,Forgetting,5,-0.02067333333333334,-0.05588000000000002,0.0001799999999999795,4,0.1875,0.3336864406779661,False
reverse,1,ours-distill,confirmatory,BWT,5,-0.018280000000000008,-0.05485333333333335,0.0037799999999999835,3,0.5,0.6287425149700598,False
reverse,1,ours-distill,confirmatory,Jaccard,5,-0.022813333333333363,-0.05186666666666671,0.009279999999999955,3,0.25,0.41015625,False
reverse,1,ours-distill,confirmatory,action-KL,5,-0.010593333333333328,-0.02424666666666666,-0.0008066666666666653,4,0.125,0.25240384615384615,False
reverse,2,ours-distill,confirmatory,AA,5,-0.012264999999999993,-0.03994999999999995,0.008170000000000056,3,0.5625,0.6867732558139535,False
reverse,2,ours-distill,confirmatory,Forgetting,5,-0.01538,-0.05260666666666665,0.012379999999999997,3,0.625,0.7172131147540983,False
reverse,2,ours-distill,confirmatory,BWT,5,-0.009679999999999977,-0.04594666666666664,0.019386666666666677,3,0.8125,0.8661167512690355,False
reverse,2,ours-distill,confirmatory,Jaccard,5,-0.02937999999999998,-0.08141333333333334,0.019413333333333355,4,0.3125,0.47554347826086957,False
reverse,2,ours-distill,confirmatory,action-KL,5,-0.024093333333333335,-0.03869333333333334,-0.012460000000000002,5,0.0625,0.14914772727272727,False
reverse,4,ours-distill,confirmatory,AA,5,-0.004805000000000015,-0.02760499999999999,0.018659999999999965,3,0.9375,0.9603658536585366,False
reverse,4,ours-distill,confirmatory,Forgetting,5,0.004499999999999993,-0.014533333333333351,0.019893333333333332,3,0.625,0.7172131147540983,False
reverse,4,ours-distill,confirmatory,BWT,5,-0.008553333333333331,-0.023246666666666655,0.005599999999999998,3,0.4375,0.5814873417721519,False
reverse,4,ours-distill,confirmatory,Jaccard,5,-0.00706666666666666,-0.05364666666666664,0.05964666666666666,3,1.0,1.0,False
reverse,4,ours-distill,confirmatory,action-KL,5,-0.009,-0.012360000000000001,-0.005553333333333332,5,0.0625,0.14914772727272727,False
reverse,1,ours-replay,confirmatory,AA,5,0.007360000000000033,-0.0023600000000000066,0.017080000000000074,3,0.375,0.5320945945945946,False
reverse,1,ours-replay,confirmatory,Forgetting,5,0.003193333333333336,-0.007253333333333348,0.01627333333333336,3,0.8125,0.8661167512690355,False
reverse,1,ours-replay,confirmatory,BWT,5,0.005313333333333331,-0.007040000000000002,0.01830666666666669,4,0.5625,0.6867732558139535,False
reverse,1,ours-replay,confirmatory,Jaccard,5,0.06727999999999998,0.03020666666666665,0.1044933333333333,5,0.0625,0.14914772727272727,False
reverse,1,ours-replay,confirmatory,action-KL,5,0.04526666666666666,0.024159999999999994,0.07794666666666666,5,0.0625,0.14914772727272727,False
reverse,2,ours-replay,confirmatory,AA,5,0.009210000000000006,-0.006700000000000106,0.024245000000000072,3,0.375,0.5320945945945946,False
reverse,2,ours-replay,confirmatory,Forgetting,5,0.004859999999999982,-0.011246666666666705,0.022059999999999986,3,0.6875,0.7679521276595744,False
reverse,2,ours-replay,confirmatory,BWT,5,0.0077266666666666595,-0.01065333333333334,0.026106666666666657,3,0.5,0.6287425149700598,False
reverse,2,ours-replay,confirmatory,Jaccard,5,0.035413333333333345,0.002093333333333347,0.06904000000000002,4,0.1875,0.3336864406779661,False
reverse,2,ours-replay,confirmatory,action-KL,5,0.028633333333333334,0.01655333333333333,0.04910666666666667,5,0.0625,0.14914772727272727,False
reverse,4,ours-replay,confirmatory,AA,5,0.018684999999999997,0.004765000000000019,0.032604999999999974,4,0.125,0.25240384615384615,False
reverse,4,ours-replay,confirmatory,Forgetting,5,0.01051333333333333,0.003933333333333337,0.01874666666666665,5,0.0625,0.14914772727272727,False
reverse,4,ours-replay,confirmatory,BWT,5,0.020500000000000018,0.009546666666666682,0.03145333333333335,5,0.0625,0.14914772727272727,False
reverse,4,ours-replay,confirmatory,Jaccard,5,-0.008226666666666651,-0.0632733333333333,0.04134000000000001,3,0.875,0.9051724137931034,False
reverse,4,ours-replay,confirmatory,action-KL,5,0.024820000000000002,0.015113333333333335,0.034493333333333334,5,0.0625,0.14914772727272727,False
reverse,1,distill-replay,confirmatory,AA,5,0.01868000000000003,-0.0027200000000000115,0.05363000000000011,3,0.375,0.5320945945945946,False
reverse,1,distill-replay,confirmatory,Forgetting,5,0.023866666666666675,-0.00762000000000002,0.07295333333333338,3,0.5,0.6287425149700598,False
reverse,1,distill-replay,confirmatory,BWT,5,0.02359333333333334,-0.008086666666666652,0.07272666666666669,3,0.5,0.6287425149700598,False
reverse,1,distill-replay,confirmatory,Jaccard,5,0.09009333333333333,0.06639333333333335,0.11379333333333333,5,0.0625,0.14914772727272727,False
reverse,1,distill-replay,confirmatory,action-KL,5,0.05586,0.02847333333333333,0.10171333333333332,5,0.0625,0.14914772727272727,False
reverse,2,distill-replay,confirmatory,AA,5,0.021475,-0.0014650000000000051,0.05734500000000005,3,0.25,0.41015625,False
reverse,2,distill-replay,confirmatory,Forgetting,5,0.02023999999999998,-0.01344666666666668,0.06767333333333331,3,0.6875,0.7679521276595744,False
reverse,2,distill-replay,confirmatory,BWT,5,0.017406666666666636,-0.01256666666666669,0.06531999999999996,3,0.875,0.9051724137931034,False
reverse,2,distill-replay,confirmatory,Jaccard,5,0.06479333333333333,0.03529333333333333,0.09429333333333331,5,0.0625,0.14914772727272727,False
reverse,2,distill-replay,confirmatory,action-KL,5,0.052726666666666665,0.03154666666666667,0.08714666666666668,5,0.0625,0.14914772727272727,False
reverse,4,distill-replay,confirmatory,AA,5,0.02349000000000001,0.00012000000000003119,0.04638,3,0.25,0.41015625,False
reverse,4,distill-replay,confirmatory,Forgetting,5,0.006013333333333338,-0.015959999999999995,0.03328,3,0.75,0.8203125,False
reverse,4,distill-replay,confirmatory,BWT,5,0.029053333333333348,0.01778000000000001,0.03886,5,0.0625,0.14914772727272727,False
reverse,4,distill-replay,confirmatory,Jaccard,5,-0.0011599999999999916,-0.10172666666666663,0.09324666666666664,3,1.0,1.0,False
reverse,4,distill-replay,confirmatory,action-KL,5,0.03382,0.02435333333333333,0.04328666666666666,5,0.0625,0.14914772727272727,False
reverse,1,distill-seqft,exploratory,AA,5,0.07562000000000005,0.05337000000000003,0.09968437499999898,5,0.0625,0.14914772727272727,False
reverse,1,distill-seqft,exploratory,Forgetting,5,0.08495333333333335,0.05552666666666669,0.11438000000000001,5,0.0625,0.14914772727272727,False
reverse,1,distill-seqft,exploratory,BWT,5,0.09098000000000003,0.060146666666666695,0.12181333333333333,5,0.0625,0.14914772727272727,False
reverse,1,distill-seqft,exploratory,Jaccard,5,0.25784,0.23293500000000003,0.2767866666666666,5,0.0625,0.14914772727272727,False
reverse,1,distill-seqft,exploratory,action-KL,5,0.23300666666666667,0.20907999999999993,0.25936666666666663,5,0.0625,0.14914772727272727,False
reverse,2,distill-seqft,exploratory,AA,5,0.042605000000000004,0.018254999999999976,0.06695500000000003,5,0.0625,0.14914772727272727,False
reverse,2,distill-seqft,exploratory,Forgetting,5,0.039246666666666666,0.019406666666666655,0.053220000000000024,5,0.0625,0.14914772727272727,False
reverse,2,distill-seqft,exploratory,BWT,5,0.05328000000000001,0.03978000000000002,0.06677999999999998,5,0.0625,0.14914772727272727,False
reverse,2,distill-seqft,exploratory,Jaccard,5,0.11887333333333332,0.08306,0.15468666666666664,5,0.0625,0.14914772727272727,False
reverse,2,distill-seqft,exploratory,action-KL,5,0.09263999999999999,0.08262,0.10384666666666667,5,0.0625,0.14914772727272727,False
reverse,4,distill-seqft,exploratory,AA,5,0.042810000000000036,0.004100000000000037,0.08152000000000004,4,0.1875,0.3336864406779661,False
reverse,4,distill-seqft,exploratory,Forgetting,5,0.02992666666666665,-0.021980000000000006,0.0818333333333333,3,0.375,0.5320945945945946,False
reverse,4,distill-seqft,exploratory,BWT,5,0.03841999999999999,-0.013379999999999993,0.08624666666666664,4,0.25,0.41015625,False
reverse,4,distill-seqft,exploratory,Jaccard,5,0.09558666666666667,0.06833333333333334,0.12,5,0.0625,0.14914772727272727,False
reverse,4,distill-seqft,exploratory,action-KL,5,0.019280000000000002,0.016460000000000002,0.021713333333333338,5,0.0625,0.14914772727272727,False
reverse,1,ours-seqft,exploratory,AA,5,0.06430000000000005,0.02538000000000005,0.10162500000000005,4,0.125,0.25240384615384615,False
reverse,1,ours-seqft,exploratory,Forgetting,5,0.06428000000000002,0.0092066666666667,0.11287333333333331,4,0.125,0.25240384615384615,False
reverse,1,ours-seqft,exploratory,BWT,5,0.07270000000000001,0.013433333333333356,0.11968666666666665,4,0.125,0.25240384615384615,False
reverse,1,ours-seqft,exploratory,Jaccard,5,0.23502666666666666,0.22157333333333334,0.25214666666666663,5,0.0625,0.14914772727272727,False
reverse,1,ours-seqft,exploratory,action-KL,5,0.22241333333333335,0.19523333333333337,0.2506733333333333,5,0.0625,0.14914772727272727,False
reverse,2,ours-seqft,exploratory,AA,5,0.030340000000000013,-0.006494999999999984,0.06717500000000001,3,0.3125,0.47554347826086957,False
reverse,2,ours-seqft,exploratory,Forgetting,5,0.02386666666666667,-0.009634499999999992,0.047300000000000016,4,0.25,0.41015625,False
reverse,2,ours-seqft,exploratory,BWT,5,0.04360000000000003,0.002406666666666696,0.07638000000000002,4,0.1875,0.3336864406779661,False
reverse,2,ours-seqft,exploratory,Jaccard,5,0.08949333333333334,0.051066666666666684,0.13822000000000004,5,0.0625,0.14914772727272727,False
reverse,2,ours-seqft,exploratory,action-KL,5,0.06854666666666666,0.0479,0.08896,5,0.0625,0.14914772727272727,False
reverse,4,ours-seqft,exploratory,AA,5,0.038005000000000025,-0.00680499999999995,0.06857000000000002,4,0.1875,0.3336864406779661,False
reverse,4,ours-seqft,exploratory,Forgetting,5,0.03442666666666665,-0.006866666666666679,0.07851999999999996,3,0.3125,0.47554347826086957,False
reverse,4,ours-seqft,exploratory,BWT,5,0.029866666666666652,-0.035046666666666684,0.08187333333333331,4,0.4375,0.5814873417721519,False
reverse,4,ours-seqft,exploratory,Jaccard,5,0.08852,0.04660666666666667,0.13043333333333335,5,0.0625,0.14914772727272727,False
reverse,4,ours-seqft,exploratory,action-KL,5,0.010280000000000001,0.0037600000000000003,0.016093333333333338,4,0.125,0.25240384615384615,False
reverse,1,replay-seqft,exploratory,AA,5,0.05694000000000001,0.013324999999999943,0.09520000000000002,4,0.125,0.25240384615384615,False
reverse,1,replay-seqft,exploratory,Forgetting,5,0.06108666666666668,-0.007500000000000032,0.11534000000000003,4,0.1875,0.3336864406779661,False
reverse,1,replay-seqft,exploratory,BWT,5,0.06738666666666668,-0.005693333333333347,0.1249266666666667,4,0.1875,0.3336864406779661,False
reverse,1,replay-seqft,exploratory,Jaccard,5,0.16774666666666666,0.14412666666666665,0.19199999999999995,5,0.0625,0.14914772727272727,False
reverse,1,replay-seqft,exploratory,action-KL,5,0.1771466666666667,0.12731333333333336,0.22338666666666668,5,0.0625,0.14914772727272727,False
reverse,2,replay-seqft,exploratory,AA,5,0.021130000000000003,-0.018379999999999997,0.06054999999999997,4,0.3125,0.47554347826086957,False
reverse,2,replay-seqft,exploratory,Forgetting,5,0.01900666666666669,-0.028966666666666648,0.053046666666666686,4,0.5625,0.6867732558139535,False
reverse,2,replay-seqft,exploratory,BWT,5,0.03587333333333337,-0.017153333333333298,0.06989999999999999,4,0.3125,0.47554347826086957,False
reverse,2,replay-seqft,exploratory,Jaccard,5,0.054079999999999996,0.02970666666666666,0.07729333333333333,5,0.0625,0.14914772727272727,False
reverse,2,replay-seqft,exploratory,action-KL,5,0.03991333333333333,-0.00010666666666667713,0.06961333333333333,4,0.125,0.25240384615384615,False
reverse,4,replay-seqft,exploratory,AA,5,0.019320000000000025,-0.019084999999999974,0.05632500000000005,4,0.4375,0.5814873417721519,False
reverse,4,replay-seqft,exploratory,Forgetting,5,0.02391333333333331,-0.012940000000000017,0.06972666666666663,3,0.4375,0.5814873417721519,False
reverse,4,replay-seqft,exploratory,BWT,5,0.009366666666666636,-0.05328666666666666,0.06686666666666666,3,0.6875,0.7679521276595744,False
reverse,4,replay-seqft,exploratory,Jaccard,5,0.09674666666666666,0.011900000000000008,0.18159333333333333,4,0.125,0.25240384615384615,False
reverse,4,replay-seqft,exploratory,action-KL,5,-0.01454,-0.024579999999999998,-0.0045,4,0.125,0.25240384615384615,False
